ts;tr5;tr6;tr7;tw;twt;deltat
1596230771;22.1;22;21.649;14.9;1596230771;0
1596234121;22.099;22.0001564;21.606;14.2;1596234122;-1
1596237471;22;21.9960187;21.487;14.1;1596237472;-1
1596240821;22.026;21.8678743;21.399;13.8;1596240822;-1
1596244171;21.9;21.7874028;21.4;13.8;1596244172;-1
1596247521;21.911;21.8063309;21.4;13.5;1596247522;-1
1596250871;21.905;21.7006778;21.3;14;1596250872;-1
1596254221;21.8;21.6997783;21.183;15;1596254222;-1
1596257571;21.8;21.7000759;21.311;15.9;1596257572;-1
1596260921;21.842;21.7858489;21.178;16.8;1596260922;-1
1596264271;21.897;21.8007737;21.3;17.2;1596264272;-1
1596267621;21.988;21.7905369;21.399;17.5;1596267622;-1
1596270971;21.992;21.7925781;21.4;18.6;1596270972;-1
1596274322;22.001;21.8997071;21.392;20.7;1596274322;0
1596277672;22.114;21.9022172;21.436;19.5;1596277672;0
1596281022;22.157;21.9964489;21.5;20;1596281022;0
1596284372;22.1;21.9999963;21.534;21.2;1596284372;0
1596287722;22.099;21.9989849;21.988;20.5;1596445023;-157301
1596291072;22.096;21.9962481;22.402;20.5;1596445023;-153951
1596294422;22.091;21.991861;22.777;20.5;1596445023;-150601
1596297772;22.084;21.9858982;23.114;20.5;1596445023;-147251
1596301122;22.075;21.9784348;23.416;20.5;1596445023;-143901
1596304472;22.065;21.9695455;23.682;20.5;1596445023;-140551
1596307822;22.053;21.9593052;23.915;20.5;1596445023;-137201
1596311172;22.04;21.9477888;24.116;20.5;1596445023;-133851
1596314522;22.025;21.9350711;24.286;20.5;1596445023;-130501
1596317872;22.009;21.9212269;24.426;20.5;1596445023;-127151
1596321222;21.992;21.9063311;24.538;20.5;1596445023;-123801
1596324572;21.974;21.8904587;24.623;20.5;1596445023;-120451
1596327922;21.955;21.8736843;24.683;20.5;1596445023;-117101
1596331272;21.935;21.8560829;24.718;20.5;1596445023;-113751
1596334622;21.914;21.8377293;24.73;20.5;1596445023;-110401
1596337972;21.892;21.8186984;24.72;20.5;1596445023;-107051
1596341322;21.87;21.7990651;24.69;20.5;1596445023;-103701
1596344672;21.847;21.7789041;24.641;20.5;1596445023;-100351
1596348022;21.823;21.7582904;24.574;20.5;1596445023;-97001
1596351372;21.799;21.7372988;24.491;20.5;1596445023;-93651
1596354722;21.775;21.7160041;24.392;20.5;1596445023;-90301
1596358072;21.75;21.6944813;24.279;20.5;1596445023;-86951
1596361423;21.725;21.6728051;24.155;20.5;1596445023;-83600
1596364773;21.701;21.6510504;24.018;20.5;1596445023;-80250
1596368123;21.676;21.6292921;23.872;20.5;1596445023;-76900
1596371473;21.651;21.607605;23.718;20.5;1596445023;-73550
1596374823;21.626;21.5860639;23.556;20.5;1596445023;-70200
1596378173;21.602;21.5647438;23.388;20.5;1596445023;-66850
1596381523;21.578;21.5437195;23.215;20.5;1596445023;-63500
1596384873;21.554;21.5230658;23.039;20.5;1596445023;-60150
1596388223;21.531;21.5028576;22.861;20.5;1596445023;-56800
1596391573;21.509;21.4831697;22.683;20.5;1596445023;-53450
1596394923;21.487;21.4640771;22.505;20.5;1596445023;-50100
1596398273;21.466;21.4456544;22.329;20.5;1596445023;-46750
1596401623;21.446;21.4279767;22.156;20.5;1596445023;-43400
1596404973;21.427;21.4111188;21.988;20.5;1596445023;-40050
1596408323;21.408;21.3951554;21.825;20.5;1596445023;-36700
1596411673;21.391;21.3801615;21.67;20.5;1596445023;-33350
1596415023;21.375;21.366212;21.523;20.5;1596445023;-30000
1596418373;21.361;21.3533816;21.386;20.5;1596445023;-26650
1596421723;21.347;21.3417452;21.26;20.5;1596445023;-23300
1596425073;21.336;21.3313777;21.147;20.5;1596445023;-19950
1596428423;21.325;21.3223539;21.047;20.5;1596445023;-16600
1596431773;21.317;21.3147488;20.962;20.5;1596445023;-13250
1596435123;21.31;21.308637;20.894;20.5;1596445023;-9900
1596438473;21.305;21.3040936;20.843;20.5;1596445023;-6550
1596441823;21.301;21.3011933;20.811;20.5;1596445023;-3200
1596445173;21.3;21.300011;20.8;20.7;1596445174;-1
1596448524;21.29;21.3014959;20.8;20.4;1596448524;0
1596451874;21.4;21.3999649;20.9;22.2;1596451874;0
1596455224;21.5;21.4999976;21.018;22.8;1596455224;0
1596458574;21.586;21.6008945;21.2;22.3;1596458574;0
1596461924;21.656;21.6026789;21.303;22;1596461924;0
1596465274;21.808;21.7679518;21.4;22.2;1596465274;0
1596468624;21.79;21.7952664;21.4;21.2;1596468624;0
1596471974;21.7;21.6037261;21.399;21;1596471974;0
1596475324;21.696;21.5999992;21.308;19.8;1596475324;0
1596478674;21.491;21.5001685;21.214;19.2;1596478674;0
1596482024;21.5;21.4293726;21.1;18.7;1596482024;0
1596485374;21.478;21.3997477;21.088;18.3;1596485374;0
1596488724;21.401;21.3001079;21;17.9;1596488724;0
1596492074;21.3;21.2999992;20.9;17.6;1596492075;-1
1596495424;21.3;21.2027039;20.789;17.5;1596495425;-1
1596498774;21.215;21.2000029;20.8;17.1;1596498775;-1
1596502124;21.19;21.1331469;20.702;16.8;1596502125;-1
1596505474;21.2;21.0880037;20.7;16.9;1596505475;-1
1596508824;21.198;21.0965423;20.698;16.9;1596508825;-1
1596512174;21.099;21.0992447;20.6;17.4;1596512175;-1
1596515524;21.2;21.1990189;20.575;18.9;1596515525;-1
1596518874;21.203;21.2123717;20.699;20.5;1596518875;-1
1596522224;21.301;21.3085343;20.806;21.1;1596522225;-1
1596525574;21.397;21.3440206;20.903;22.3;1596525575;-1
1596528924;21.486;21.5190135;21;23.9;1596528925;-1
1596532274;21.6;21.4921393;21.1;22.6;1596532275;-1
1596535625;21.603;21.6002906;21.2;23.5;1596535625;0
1596538975;21.782;21.6984609;21.3;23.5;1596538975;0
1596542325;21.8;21.7308642;21.408;23.6;1596542325;0
1596545675;21.799;21.8009182;21.499;23.6;1596545675;0
1596549025;21.789;21.8001221;21.5;24;1596549025;0
1596552375;21.9;21.9906715;21.597;24.5;1596552375;0
1596555725;21.905;21.9983359;21.701;24.6;1596555725;0
1596559075;21.904;21.8999932;21.6;23.4;1596559075;0
1596562425;21.841;21.7997509;21.5;22.2;1596562425;0
1596565775;21.8;21.7594579;21.397;21.1;1596565775;0
1596569125;21.798;21.6269072;21.298;20.1;1596569125;0
1596572475;21.7;21.5998417;21.298;19.5;1596572475;0
1596575825;21.595;21.5999752;21.189;18.5;1596575825;0
1596579175;21.6;21.5034075;21.213;18.2;1596579176;-1
1596582525;21.609;21.4970686;21.132;18;1596582526;-1
1596585875;21.502;21.4288684;21.111;18.2;1596585876;-1
1596589225;21.5;21.3999718;21;17.8;1596589226;-1
1596592575;21.499;21.4000024;21.006;17.9;1596592576;-1
1596595925;21.494;21.4017637;20.95;17.3;1596595926;-1
1596599275;21.465;21.3732983;20.96;18.2;1596599276;-1
1596602625;21.497;21.3999999;20.969;19;1596602626;-1
1596605975;21.506;21.459266;21.099;20.8;1596605976;-1
1596609325;21.6;21.6021543;21.1;22.3;1596609326;-1
1596612675;21.8;21.6938426;21.291;23.2;1596612676;-1
1596616025;21.8;21.8003139;21.323;24.5;1596616026;-1
1596619376;21.991;21.9000816;21.499;24.9;1596619376;0
1596622726;22.103;21.9997064;21.608;24.7;1596622726;0
1596626076;22.187;22.0520547;21.7;25.4;1596626076;0
1596629426;22.298;22.1298797;21.799;25.2;1596629426;0
1596632776;22.3;22.2002192;21.814;24.9;1596632776;0
1596636126;22.3;22.2986766;21.891;25.3;1596636126;0
1596639476;22.4;22.4825419;22.087;25.6;1596639476;0
1596642826;22.409;22.4003317;22.101;24.8;1596642826;0
1596646176;22.3;22.3104596;22;24;1596646176;0
1596649526;22.199;22.1084238;21.9;23.2;1596649526;0
1596652876;22.2;22.1000525;21.8;22.8;1596652876;0
1596656226;22.098;22.0022728;21.746;22.6;1596656226;0
1596659576;22.1;22.0036348;21.711;22.6;1596659576;0
1596662926;22.037;21.8923356;21.6;22;1596662927;-1
1596666276;21.999;21.8865194;21.591;21.3;1596666277;-1
1596669626;22.001;21.8999998;21.498;20.9;1596669627;-1
1596672976;22;21.8903321;21.5;21.2;1596672977;-1
1596676326;21.92;21.8102596;21.501;20.7;1596676327;-1
1596679676;21.977;21.8000001;21.4;20.4;1596679677;-1
1596683026;21.9;21.8000011;21.4;20.3;1596683027;-1
1596686376;21.9;21.8028605;21.4;21.1;1596686377;-1
1596689726;22.002;21.8774448;21.398;21.6;1596689727;-1
1596693076;21.999;21.899689;21.5;23.7;1596693077;-1
1596696426;22.119;21.998171;21.528;25.2;1596696427;-1
1596699776;22.279;22.09384;21.686;25.8;1596699777;-1
1596703126;22.304;22.1759112;21.879;26.9;1596703127;-1
1596706477;22.4;22.3977988;22.007;27.2;1596706477;0
1596709827;22.502;22.5005439;22.107;28.2;1596709827;0
1596713177;22.699;22.599984;22.219;29;1596713177;0
1596716527;22.721;22.5999991;22.3;26.9;1596716527;0
1596719877;22.8;22.6998168;22.506;25.9;1596719877;0
1596723227;22.898;22.8002895;22.5;26.4;1596723227;0
1596726577;22.9;22.7878785;22.5;24.9;1596726577;0
1596729927;22.801;22.7051942;22.502;24.1;1596729927;0
1596733277;22.8;22.6999243;22.411;23.8;1596733277;0
1596736627;22.7;22.6934127;22.304;23;1596736627;0
1596739977;22.714;22.6005446;22.226;22.2;1596739977;0
1596743327;22.655;22.5034732;22.2;21.5;1596743327;0
1596746677;22.515;22.5008542;22.202;20.9;1596746677;0
1596750027;22.493;22.4029601;22.1;20.5;1596750028;-1
1596753377;22.499;22.4000021;22.091;19.5;1596753378;-1
1596756727;22.396;22.2916012;22;19.3;1596756728;-1
1596760077;22.4;22.3002653;21.943;18.7;1596760078;-1
1596763427;22.41;22.2347335;21.9;18.1;1596763428;-1
1596766777;22.3;22.2463991;21.799;17.8;1596766778;-1
1596770127;22.301;22.2;21.801;18;1596770128;-1
1596773477;22.298;22.2001532;21.797;23.6;1596804423;-30946
1596776827;22.168;22.2151849;21.647;23.6;1596804423;-27596
1596780177;21.887;22.2506769;21.328;23.6;1596804423;-24246
1596783527;21.533;22.3009895;20.929;23.6;1596804423;-20896
1596786877;21.187;22.3604832;20.539;23.6;1596804423;-17546
1596790227;20.927;22.4235186;20.246;23.6;1596804423;-14196
1596793578;20.832;22.484456;20.139;23.6;1596804423;-10845
1596796928;20.983;22.5376558;20.307;23.6;1596804423;-7495
1596800278;21.457;22.5774786;20.837;23.6;1596804423;-4145
1596803628;22.335;22.5982847;21.819;23.6;1596804423;-795
1596806978;22.8;22.6411978;22.3;23.1;1596806978;0
1596810328;22.789;22.5991872;22.3;22.9;1596810328;0
1596813678;22.799;22.599726;22.3;23.6;1596813678;0
1596817028;22.779;22.6000632;22.301;23.1;1596817028;0
1596820378;22.7;22.5654659;22.235;21.9;1596820378;0
1596823728;22.698;22.5628611;22.2;21.2;1596823728;0
1596827078;22.6;22.5000003;22.2;20.6;1596827078;0
1596830428;22.6;22.5143171;22.1;20;1596830428;0
1596833778;22.505;22.3999998;22.091;19.6;1596833778;0
1596837128;22.5;22.4086194;22.058;19.4;1596837129;-1
1596840478;22.435;22.3183954;22.001;18.6;1596840479;-1
1596843828;22.402;22.2777701;21.978;17.8;1596843829;-1
1596847178;22.4;22.2555288;21.9;17.3;1596847179;-1
1596850528;22.298;22.2772018;21.809;16.7;1596850529;-1
1596853878;22.3;22.1999806;21.798;16.7;1596853879;-1
1596857228;22.3;22.2041276;21.8;17.4;1596857229;-1
1596860578;22.3;22.1910679;21.723;19.3;1596860579;-1
1596863928;22.347;22.1999512;21.8;20.2;1596863929;-1
1596867278;22.404;22.2654862;21.901;21.3;1596867279;-1
1596870628;22.401;22.3954799;21.9;21;1596870629;-1
1596873978;22.5;22.3999993;22.097;22.8;1596873979;-1
1596877328;22.61;22.4958804;22.034;23.8;1596877329;-1
1596880679;22.696;22.599484;22.204;23.8;1596880679;0
1596884029;22.8;22.696591;22.3;23.4;1596884029;0
1596887379;22.803;22.7280154;22.397;23.9;1596887379;0
1596890729;22.906;22.8038463;22.403;24.1;1596890729;0
1596894079;22.9;22.8000003;22.498;23.3;1596894079;0
1596897429;22.785;22.6891972;22.458;22.6;1596897429;0
1596900779;22.9;22.8002806;22.543;22.3;1596900779;0
1596904129;22.845;22.8086541;22.493;21.8;1596904129;0
1596907479;22.8;22.7000095;22.4;20.9;1596907479;0
1596910829;22.704;22.6061854;22.291;20.4;1596910829;0
1596914179;22.7;22.5994668;22.3;20.1;1596914179;0
1596917529;22.7;22.5999955;22.265;19.7;1596917529;0
1596920879;22.663;22.6073564;22.2;19.4;1596920879;0
1596924229;22.6;22.503307;22.198;18.9;1596924230;-1
1596927579;22.6;22.5;22.1;18.5;1596927580;-1
1596930929;22.598;22.5083971;22.108;18;1596930930;-1
1596934279;22.5;22.4999784;22.119;17.6;1596934280;-1
1596937629;22.385;22.3999663;22;16.9;1596937630;-1
1596940979;22.451;22.316643;21.88;16.7;1596940980;-1
1596944329;22.396;22.3894037;21.9;16.9;1596944330;-1
1596947679;22.4;22.2999683;21.9;17.4;1596947680;-1
1596951029;22.4;22.4071492;21.9;18.2;1596951030;-1
1596954379;22.407;22.3993253;21.9;19.8;1596954380;-1
1596957729;22.5;22.4004867;21.953;21.2;1596957730;-1
1596961079;22.613;22.5001785;22.1;22.5;1596961080;-1
1596964429;22.663;22.6003824;22.2;23.2;1596964430;-1
1596967780;22.784;22.6997843;22.3;24;1596967780;0
1596971130;22.8;22.7999619;22.4;24.4;1596971130;0
1596974480;22.9;22.8986215;22.511;24.4;1596974480;0
1596977830;22.894;22.8971208;22.587;25.3;1596977830;0
1596981180;22.989;22.9974398;22.759;25.2;1596981180;0
1596984530;23.103;23.199556;22.905;24;1596984530;0
1596987880;23.097;23.1299475;22.901;23.6;1596987880;0
1596991230;23;22.9997738;22.691;22.6;1596991230;0
1596994580;23.007;22.9000424;22.635;21.3;1596994580;0
1596997930;22.909;22.8990265;22.564;20.9;1596997930;0
1597001280;22.785;22.8006634;22.419;20.3;1597001280;0
1597004630;22.736;22.6990501;22.395;19.8;1597004630;0
1597007980;22.7;22.7102772;22.3;19.2;1597007981;-1
1597011330;22.6;22.6341463;22.194;18.5;1597011331;-1
1597014680;22.6;22.4998577;22.197;18.4;1597014681;-1
1597018030;22.487;22.5003235;22.16;18;1597018031;-1
1597021380;22.501;22.4036222;22.017;17.2;1597021381;-1
1597024730;22.399;22.4000648;22.01;17.3;1597024731;-1
1597028080;22.4;22.299379;21.9;17.5;1597028082;-2
1597031430;22.399;22.3121235;21.9;18.7;1597031431;-1
1597034780;22.4;22.4020886;21.89;19.4;1597034781;-1
1597038130;22.387;22.4003971;21.954;20.5;1597038131;-1
1597041480;22.514;22.5098196;22.08;22;1597041481;-1
1597044830;22.551;22.5035195;22.103;22.6;1597044831;-1
1597048180;22.681;22.6687706;22.2;24.1;1597048181;-1
1597051531;22.8;22.7937154;22.313;24.4;1597051531;0
1597054881;22.892;22.8005325;22.43;25.3;1597054881;0
1597058231;23.009;23.0010451;22.596;26;1597058231;0
1597061581;22.999;22.991627;22.713;27;1597061581;0
1597064931;23.1;23.0999965;22.883;27.7;1597064931;0
1597068281;23.201;23.1905688;23;26.9;1597068281;0
1597071631;23.301;23.3891558;23.077;25.4;1597071631;0
1597074981;23.199;23.2016867;22.9;23.3;1597074981;0
1597078331;23.099;23.2098627;22.859;19.2;1597078331;0
1597081681;23.003;22.9598409;22.7;19.8;1597081681;0
1597085031;22.974;22.8997065;22.601;20;1597085031;0
1597088381;22.897;22.8126819;22.501;19.4;1597088381;0
1597091731;22.799;22.8000004;22.392;18.8;1597091731;0
1597095081;22.8;22.803122;22.4;18.4;1597095082;-1
1597098431;22.792;22.7000288;22.348;18.6;1597098716;-285
1597101781;22.703;22.6487174;22.3;18.1;1597101782;-1
1597105131;22.7;22.656573;22.294;18;1597105132;-1
1597108481;22.689;22.5999974;22.199;17.8;1597108482;-1
1597111831;22.6;22.5905401;22.201;17.6;1597111832;-1
1597115181;22.6;22.6016518;22.158;17.3;1597115182;-1
1597118531;22.515;22.5115561;22.075;17.5;1597118532;-1
1597121881;22.599;22.4847285;22.199;17.5;1597121882;-1
1597125231;22.6;22.5592505;22.1;18.2;1597125232;-1
1597128581;22.594;22.6001096;22.099;18.6;1597128582;-1
1597131931;22.603;22.5999968;22.211;18.9;1597131932;-1
1597135281;22.7;22.5982734;22.2;18.8;1597135282;-1
1597138632;22.724;22.6767002;22.293;19.4;1597138632;0
1597141982;22.819;22.699198;22.3;20;1597141982;0
1597145332;22.724;22.7503279;22.398;19.7;1597145332;0
1597148682;22.8;22.8060658;22.4;20.4;1597148682;0
1597152032;22.8;22.7018608;22.505;18.7;1597152032;0
1597155382;22.799;22.804159;22.373;18.4;1597155382;0
1597158732;22.807;22.8046374;22.368;18.4;1597158732;0
1597162082;22.7;22.7113968;22.302;17.9;1597162082;0
1597165432;22.589;22.6001532;22.294;16.3;1597165432;0
1597168782;22.498;22.5014614;22.097;15.8;1597168782;0
1597172132;22.5;22.507819;22.009;15.4;1597172132;0
1597175482;22.399;22.4014774;21.966;14.7;1597175482;0
1597178832;22.406;22.3001834;21.834;14.5;1597178832;0
1597182182;22.3;22.19029;21.797;14.1;1597182183;-1
1597185532;22.221;22.2134463;21.7;14;1597185533;-1
1597188882;22.104;22.1271656;21.6;13.3;1597188883;-1
1597192232;22.1;22.1003352;21.616;13;1597192233;-1
1597195582;21.991;21.9999952;21.453;12.8;1597195583;-1
1597198932;22;21.8873691;21.4;13.2;1597198933;-1
1597202282;21.94;21.9;21.398;12.8;1597202283;-1
1597205632;21.979;21.9134516;21.3;12.5;1597205633;-1
1597208982;21.9;21.8026996;21.3;12.9;1597208983;-1
1597212332;21.9;21.7933085;21.3;14.5;1597212333;-1
1597215682;21.892;21.8998687;21.299;15.1;1597215683;-1
1597219032;22;21.9283934;21.358;16;1597219033;-1
1597222382;22.003;22.0093947;21.4;17.3;1597222383;-1
1597225733;22.02;21.9999837;21.4;16.6;1597225733;0
1597229083;22.013;21.999172;21.4;14.1;1597229083;0
1597232433;22.1;22.0000006;21.4;16.2;1597232433;0
1597235783;22.087;22.0005482;21.5;17.6;1597235783;0
1597239133;22.182;22.1000648;21.598;18;1597239133;0
1597242483;22.09;22.1;21.528;16.7;1597242483;0
1597245833;22.086;22.1000706;21.598;17;1597245833;0
1597249183;22.008;22.0254239;21.495;15.9;1597249183;0
1597252533;22;21.9939333;21.403;15.3;1597252533;0
1597255883;22.003;21.8999939;21.279;14.8;1597255883;0
1597259233;21.904;21.8308094;21.301;14.5;1597259233;0
1597262583;21.774;21.7476059;21.278;14;1597262583;0
1597265933;21.8;21.6994646;21.207;13.5;1597265933;0
1597269283;21.712;21.699984;21.101;13.2;1597269284;-1
1597272633;21.699;21.6002384;20.991;13;1597272634;-1
1597275983;21.614;21.5999442;21;12.9;1597275984;-1
1597279333;21.6;21.5341446;20.894;12.7;1597279334;-1
1597282683;21.561;21.4967825;20.913;12.6;1597282684;-1
1597286033;21.487;21.4496378;20.899;12.5;1597286034;-1
1597289383;21.507;21.3999824;20.806;12.4;1597289384;-1
1597292733;21.4;21.404049;20.688;12.4;1597292734;-1
1597296083;21.4;21.3020855;20.7;12.3;1597296084;-1
1597299433;21.409;21.2999409;20.72;12.5;1597299434;-1
1597302783;21.293;21.3008558;20.6;12.9;1597302784;-1
1597306133;21.42;21.2559844;20.699;12.7;1597306134;-1
1597309483;21.3;21.2723979;20.501;13;1597309484;-1
1597312834;21.3;21.2000653;20.608;12.9;1597312834;0
1597316184;21.281;21.1999998;20.573;13.2;1597316184;0
1597319534;21.18;21.1998447;20.5;12.9;1597319534;0
1597322884;21.203;21.2139788;20.501;13.2;1597322884;0
1597326234;21.204;21.1979708;20.402;13.1;1597326234;0
1597329584;21.2;21.1169545;20.493;13.4;1597329584;0
1597332934;21.2;21.1999457;20.5;13.4;1597332934;0
1597336284;21.2;21.1009995;20.519;13.2;1597336284;0
1597339634;21.2;21.1000013;20.4;13.3;1597339634;0
1597342984;21.134;21.099987;20.324;13.3;1597342984;0
1597346334;21.1;21.0230095;20.395;13.4;1597346334;0
1597349684;21.1;20.9893394;20.398;12.9;1597349684;0
1597353034;21.1;21;20.3;12.5;1597353034;0
1597356384;21.095;20.9891015;20.252;12.2;1597356385;-1
1597359734;20.986;20.8916025;20.253;11.5;1597359735;-1
1597363084;20.954;20.8997642;20.2;11.9;1597363085;-1
1597366434;20.886;20.7921093;20.1;11.8;1597366435;-1
1597369784;20.806;20.7965882;20.1;11.5;1597369785;-1
1597373134;20.8;20.800162;20.087;12.1;1597373135;-1
1597376484;20.8;20.7046732;20;12.6;1597376485;-1
1597379834;20.8;20.7871829;20;13.1;1597379835;-1
1597383184;20.8;20.700203;20;13.4;1597383185;-1
1597386534;20.8;20.7412275;20.107;13.4;1597386535;-1
1597389884;20.903;20.8002858;20.091;14.5;1597389885;-1
1597393234;20.9;20.7983226;20.097;14.8;1597393235;-1
1597396585;20.9;20.8024666;20.099;15.1;1597396585;0
1597399935;20.9;20.8;20.158;15.7;1597399935;0
1597403285;20.9;20.8;20.102;14.7;1597403285;0
1597406635;20.876;20.8;20.099;15.5;1597406635;0
1597409985;20.814;20.8;20.1;14.8;1597409985;0
1597413335;20.899;20.8;20.128;15.7;1597413335;0
1597416685;20.9;20.7989191;20.209;15.3;1597416685;0
1597420035;20.823;20.7185694;20.102;15;1597420035;0
1597423385;20.799;20.7616314;20.1;15;1597423385;0
1597426735;20.774;20.741464;20.001;14.6;1597426735;0
1597430085;20.701;20.7076218;20;14.3;1597430085;0
1597433435;20.7;20.6000088;20;14.4;1597433435;0
1597436785;20.68;20.6959151;20.011;14.1;1597436785;0
1597440135;20.678;20.6006956;19.902;13.3;1597440136;-1
1597443485;20.609;20.5002644;19.813;12.7;1597443561;-76
1597446835;20.513;20.500764;19.8;12.1;1597446836;-1
1597450185;20.509;20.3997502;19.802;11.7;1597450186;-1
1597453535;20.4;20.2994063;19.706;11.3;1597453536;-1
1597456885;20.39;20.3181225;19.593;11.2;1597456886;-1
1597460235;20.289;20.3006827;19.6;11.6;1597460236;-1
1597463585;20.3;20.2472969;19.597;12.1;1597463586;-1
1597466935;20.3;20.2738916;19.496;12.9;1597466936;-1
1597470285;20.3;20.3125166;19.59;14.5;1597470286;-1
1597473635;20.399;20.2999909;19.631;16.3;1597473636;-1
1597476985;20.4;20.409987;19.697;17.6;1597476986;-1
1597480335;20.499;20.403003;19.809;18;1597480336;-1
1597483686;20.6;20.4992927;19.813;18.2;1597483686;0
1597487036;20.684;20.5168576;19.9;18.4;1597487036;0
1597490386;20.7;20.6001001;19.999;18;1597490386;0
1597493736;20.7;20.6;20.085;18.3;1597493736;0
1597497086;20.7;20.7005398;20.097;18.3;1597497086;0
1597500436;20.748;20.6571204;20.099;18.2;1597500436;0
1597503786;20.678;20.7000001;20.175;17.7;1597503786;0
1597507136;20.775;20.7000003;20.199;17.9;1597507136;0
1597510486;20.701;20.7107492;20.1;16.7;1597510486;0
1597513836;20.698;20.5990874;20.036;16.3;1597513836;0
1597517186;20.519;20.6115304;20.001;15.6;1597517186;0
1597520536;20.607;20.5000198;20.014;15.2;1597520536;0
1597523886;20.5;20.5128304;19.897;15.3;1597523886;0
1597527236;20.492;20.1895643;19.62;18.3;1597611600;-84364
1597530586;20.455;19.7988986;19.258;18.3;1597611600;-81014
1597533936;20.391;19.4762292;18.996;18.3;1597611600;-77664
1597537286;20.305;19.2171547;18.825;18.3;1597611600;-74314
1597540636;20.2;19.0172742;18.737;18.3;1597611600;-70964
1597543986;20.08;18.8721863;18.722;18.3;1597611600;-67614
1597547336;19.95;18.7774898;18.772;18.3;1597611600;-64264
1597550686;19.813;18.7287837;18.878;18.3;1597611600;-60914
1597554036;19.674;18.7216668;19.032;18.3;1597611600;-57564
1597557386;19.536;18.7517378;19.223;18.3;1597611600;-54214
1597560736;19.402;18.8145955;19.445;18.3;1597611600;-50864
1597564086;19.278;18.9058389;19.687;18.3;1597611600;-47514
1597567436;19.167;19.0210667;19.941;18.3;1597611600;-44164
1597570787;19.073;19.1558777;20.198;18.3;1597611600;-40813
1597574137;19;19.3058708;20.449;18.3;1597611600;-37463
1597577487;18.952;19.4666447;20.686;18.3;1597611600;-34113
1597580837;18.932;19.6337984;20.9;18.3;1597611600;-30763
1597584187;18.946;19.8029306;21.082;18.3;1597611600;-27413
1597587537;18.996;19.9696402;21.222;18.3;1597611600;-24063
1597590887;19.087;20.1295259;21.313;18.3;1597611600;-20713
1597594237;19.223;20.2781867;21.345;18.3;1597611600;-17363
1597597587;19.407;20.4112212;21.31;18.3;1597611600;-14013
1597600937;19.644;20.5242284;21.198;18.3;1597611600;-10663
1597604287;19.938;20.6128071;21.002;18.3;1597611600;-7313
1597607637;20.292;20.672556;20.711;18.3;1597611600;-3963
1597610987;20.71;20.699074;20.318;18.3;1597611600;-613
1597614337;20.7;20.7;20.204;18.5;1597614338;-1
1597617687;20.7;20.7;20.204;18.2;1597617688;-1
1597621037;20.7;20.700004;20.2;18;1597621038;-1
1597624387;20.7;20.6549102;20.114;17.9;1597624388;-1
1597627737;20.697;20.6242486;20.1;17.3;1597627738;-1
1597631087;20.698;20.5962228;20.1;16.9;1597631088;-1
1597634437;20.705;20.6001277;20.099;16.8;1597634438;-1
1597637787;20.676;20.5896732;20.104;17.5;1597637788;-1
1597641137;20.699;20.7102814;20.199;18.5;1597641138;-1
1597644487;20.773;20.6999985;20.2;19.5;1597644488;-1
1597647837;20.885;20.8119919;20.3;20.6;1597647838;-1
1597651187;20.802;20.8978197;20.316;21.1;1597651188;-1
1597654537;20.899;20.9000011;20.4;21.8;1597654538;-1
1597657888;21;21.0132013;20.496;20.9;1597657888;0
1597661238;21.063;21.0150919;20.54;21.3;1597661238;0
1597664588;21.123;21.0000056;20.6;22.3;1597664588;0
1597667938;21.101;21.0159109;20.7;22.6;1597667938;0
1597671288;21.1;21.0985639;20.798;23;1597671288;0
1597674638;21.2;21.310052;20.821;23;1597674638;0
1597677988;21.19;21.302417;20.841;22.7;1597677988;0
1597681338;21.201;21.2000233;20.791;21.2;1597681338;0
1597684688;21.087;21.0901004;20.701;20.7;1597684688;0
1597688038;21.1;21.0981184;20.6;19.5;1597688038;0
1597691388;20.998;21.0000069;20.599;18.9;1597691388;0
1597694738;20.999;20.899901;20.556;18.3;1597694738;0
1597698088;20.902;20.8988739;20.5;17.9;1597698088;0
1597701438;20.898;20.9399537;20.481;17;1597701439;-1
1597704788;20.854;20.7530827;20.409;17.2;1597704789;-1
1597708138;20.798;20.7000093;20.3;16.4;1597708139;-1
1597711488;20.707;20.7004413;20.203;15.8;1597711489;-1
1597714838;20.7;20.6001399;20.092;15.3;1597714839;-1
1597718188;20.6;20.4898095;20.103;15.1;1597718189;-1
1597721538;20.538;20.4990787;20.029;14.3;1597721539;-1
1597724888;20.613;20.5;20.098;14.7;1597724889;-1
1597728238;20.572;20.5002103;20;16.5;1597728239;-1
1597731588;20.601;20.5004745;20.081;17.7;1597731589;-1
1597734938;20.695;20.5999967;20.1;18.3;1597734939;-1
1597738288;20.7;20.6259507;20.201;18.3;1597738289;-1
1597741638;20.71;20.6998273;20.181;19.1;1597741639;-1
1597744989;20.802;20.7979877;20.302;19.4;1597744989;0
1597748339;20.874;20.8025192;20.4;19.9;1597748339;0
1597751689;20.891;20.8021418;20.498;20.8;1597751689;0
1597755039;20.9;20.9058396;20.601;20.7;1597755039;0
1597758389;21.011;20.999936;20.701;20.7;1597758389;0
1597761739;21.011;21.2036009;20.809;20.6;1597761739;0
1597765089;21;21.1457001;20.715;20.2;1597765089;0
1597768439;20.913;21.0014217;20.599;19.3;1597768439;0
1597771789;20.9;20.9069935;20.579;18.1;1597771789;0
1597775139;20.801;20.8924374;20.427;17.5;1597775139;0
1597778489;20.89;20.8000115;20.391;17;1597778489;0
1597781839;20.727;20.7560172;20.385;17.1;1597781839;0
1597785189;20.8;20.7290876;20.401;16.9;1597785190;-1
1597788539;20.694;20.9986123;20.298;16.6;1597788540;-1
1597791889;20.7;21.1066085;20.2;16.3;1597791890;-1
1597795239;20.7;21.1001525;20.214;15.5;1597795240;-1
1597798589;20.709;21.100002;20.1;15.2;1597798590;-1
1597801939;20.6;21.0995555;20.038;15;1597801940;-1
1597805289;20.601;21.0999843;20;14.2;1597805290;-1
1597808639;20.6;21.0968282;20;15.3;1597808640;-1
1597811989;20.602;21.1974199;20;17.2;1597811990;-1
1597815339;20.608;21.199857;19.998;17.1;1597815340;-1
1597818689;20.68;21.3167261;20.1;17.7;1597818690;-1
1597822039;20.689;21.3591591;20.198;19.2;1597822040;-1
1597825389;20.789;21.3992485;20.298;20.1;1597825390;-1
1597828740;20.9;21.5001859;20.297;19.4;1597828740;0
1597832090;20.994;21.6000005;20.411;19.8;1597832090;0
1597835440;20.998;21.5930982;20.481;20.6;1597835440;0
1597838790;21.098;21.7122043;20.499;19.9;1597838790;0
1597842140;21.1;21.6999998;20.503;19.7;1597842140;0
1597845490;21.1;21.7404764;20.603;19.5;1597845490;0
1597848840;21.093;21.6828586;20.596;19.5;1597848840;0
1597852190;21.1;21.700633;20.486;19.3;1597852190;0
1597855540;21.1;21.7887724;20.564;18.4;1597855540;0
1597858890;21.072;21.7822104;20.5;18.2;1597858890;0
1597862240;21.028;21.6901201;20.5;17.3;1597862240;0
1597865590;21.064;21.7;20.488;16.4;1597865590;0
1597868940;21;21.6213855;20.399;15.7;1597868940;0
1597872290;20.997;21.5985451;20.398;15.3;1597872291;-1
1597875640;20.9;21.6000001;20.374;15;1597875641;-1
1597878990;20.87;21.6133774;20.296;15;1597878991;-1
1597882340;20.848;21.5431054;20.228;14.8;1597882341;-1
1597885690;20.822;21.5780566;20.197;14.7;1597885691;-1
1597889040;20.8;21.4995517;20.196;14.8;1597889041;-1
1597892390;20.801;21.5048343;20.2;14.4;1597892391;-1
1597895740;20.8;21.5078278;20.2;14.9;1597895741;-1
1597899090;20.8;21.4999889;20.208;15;1597899091;-1
1597902440;20.788;21.5032666;20.209;15.7;1597902441;-1
1597905790;20.899;21.4887621;20.29;17.5;1597905791;-1
1597909140;20.89;21.6001639;20.306;19.4;1597909141;-1
1597912490;21;21.70005;20.4;19.2;1597912491;-1
1597915841;21.102;21.8032797;20.501;20.3;1597915841;0
1597919191;21.085;21.8167862;20.597;20.8;1597919191;0
1597922541;21.2;21.9011126;20.587;19.4;1597922541;0
1597925891;21.2;21.9002307;20.698;19.6;1597925891;0
1597929241;21.312;21.9841522;20.699;20.5;1597929241;0
1597932591;21.3;21.9986261;20.687;19.8;1597932591;0
1597935941;21.506;22.1071396;21.337;19.8;1597935941;0
1597939291;21.797;22.475914;21.497;19.2;1597939291;0
1597942641;21.709;22.0550008;21.281;18.3;1597942641;0
1597945991;21.437;21.8028575;21.007;17.3;1597945991;0
1597949341;21.301;21.6018959;20.899;16.7;1597949341;0
1597952691;21.207;21.501435;20.793;16.1;1597952691;0
1597956041;21.1;21.300161;20.647;15.9;1597956041;0
1597959391;20.999;21.2040562;20.503;15.7;1597959392;-1
1597962741;20.9;21.1007072;20.393;15.5;1597962742;-1
1597966091;20.795;21.0000748;20.3;15.4;1597966092;-1
1597969441;20.796;20.9001006;20.201;14.8;1597969442;-1
1597972791;20.7;20.8000043;20.09;14.3;1597972792;-1
1597976141;20.599;20.7876944;20.11;13.8;1597976142;-1
1597979491;20.606;20.7000032;19.987;14.9;1597979707;-216
1597982841;20.531;20.6975488;20.027;16.4;1597982842;-1
1597986191;20.597;20.699994;19.994;17.2;1597986192;-1
1597989541;20.588;20.8108901;20.093;17.6;1597989542;-1
1597992891;20.701;20.6999536;20.082;18.8;1597992892;-1
1597996241;20.796;20.8973304;20.311;20.3;1597996242;-1
1597999591;20.799;20.9642429;20.337;20.5;1597999592;-1
1598002942;20.9;21.1135374;20.48;20.5;1598002942;0
1598006292;20.999;21.1699286;20.597;20.4;1598006292;0
1598009642;21.099;21.2045224;20.608;21.7;1598009642;0
1598012992;21.1;21.1990419;20.702;21.3;1598012992;0
1598016342;21.2;21.3069169;20.869;22.1;1598016342;0
1598019692;21.2;21.396477;20.897;22.1;1598019692;0
1598023042;21.244;21.4474173;20.879;21.2;1598023042;0
1598026392;21.2;21.3820287;20.806;20.9;1598026392;0
1598029742;21.202;21.2999993;20.803;19.5;1598029742;0
1598033092;21.099;21.200599;20.688;18.8;1598033092;0
1598036442;20.993;21.1968703;20.698;18.2;1598036442;0
1598039792;20.987;21.09769;20.6;17.8;1598039792;0
1598043142;20.952;21.0036151;20.594;17.4;1598043142;0
1598046492;20.978;21.0136332;20.5;17.2;1598046493;-1
1598049842;20.787;20.9161599;20.395;16.5;1598049843;-1
1598053192;20.798;20.8002954;20.401;16.5;1598053193;-1
1598056542;20.8;20.7994887;20.346;16;1598056543;-1
1598059892;20.729;20.8006738;20.3;15.6;1598059893;-1
1598063242;20.7;20.8065912;20.22;15.4;1598063243;-1
1598066592;20.7;20.6902668;20.299;15.4;1598066593;-1
1598069942;20.705;20.6999526;20.2;16.7;1598069943;-1
1598073292;20.7;20.7011958;20.2;17.6;1598073293;-1
1598076642;20.692;20.8107109;20.231;19.5;1598076643;-1
1598079992;20.8;20.9097257;20.418;20.7;1598079993;-1
1598083342;20.899;21.0227631;20.391;21.7;1598083343;-1
1598086692;21.039;21.0028616;20.495;23.2;1598086693;-1
1598090043;21.099;21.1949992;20.61;23.2;1598090043;0
1598093393;21.2;21.2009909;20.801;24.4;1598093393;0
1598096743;21.301;21.3160702;20.833;24.1;1598096743;0
1598100093;21.37;21.4000465;20.983;24.4;1598100093;0
1598103443;21.335;21.3992982;21.082;23.3;1598103443;0
1598106793;21.44;21.4846626;21.1;23.1;1598106793;0
1598110143;21.41;21.5004727;21.1;22.9;1598110143;0
1598113493;21.3;21.3999924;21.031;22.3;1598113493;0
1598116843;21.3;21.3022804;20.878;21.5;1598116843;0
1598120193;21.183;21.2979182;20.9;20.8;1598120193;0
1598123543;21.2;21.2035501;20.806;20.5;1598123543;0
1598126893;21.171;21.1974171;20.8;20.2;1598126893;0
1598130243;21.118;21.096424;20.703;19.6;1598130243;0
1598133593;21.1;21.0999939;20.7;19.3;1598133594;-1
1598136943;21.087;21.0008438;20.71;18.7;1598136944;-1
1598140293;21;20.9999877;20.599;18.6;1598140294;-1
1598143643;21.001;21.0007037;20.6;17.6;1598143644;-1
1598146993;20.93;20.895604;20.5;17.3;1598146994;-1
1598150343;20.9;20.8998432;20.499;17.7;1598150344;-1
1598153693;20.9;20.8970186;20.511;18.6;1598153694;-1
1598157043;20.9;20.8999999;20.513;18.6;1598157044;-1
1598160393;20.89;20.8994286;20.5;19.6;1598160394;-1
1598163743;21;21.0008537;20.575;21.5;1598163744;-1
1598167093;21.11;21.1079421;20.602;22.6;1598167094;-1
1598170443;21.204;21.2025796;20.788;23.6;1598170444;-1
1598173794;21.2;21.303006;20.811;23.1;1598173794;0
1598177144;21.394;21.2946516;20.946;23.7;1598177144;0
1598180494;21.4;21.402726;21.097;23.7;1598180494;0
1598183844;21.451;21.509409;21.19;24.7;1598183844;0
1598187194;21.5;21.6086814;21.3;23.6;1598187194;0
1598190544;21.599;21.5941409;21.401;24.1;1598190544;0
1598193894;21.7;21.7999479;21.423;23.4;1598193894;0
1598197244;21.601;21.6768944;21.4;22.5;1598197244;0
1598200594;21.486;21.5974877;21.3;21.7;1598200594;0
1598203944;21.523;21.5002378;21.108;21.1;1598203944;0
1598207294;21.4;21.4669636;21.102;20.2;1598207294;0
1598210644;21.287;21.3102552;21.089;19.8;1598210644;0
1598213994;21.3;21.3991986;21;20;1598213994;0
1598217344;21.3;21.2859259;21.001;19.5;1598217345;-1
1598220694;21.268;21.1992223;20.903;18.7;1598220695;-1
1598224044;21.203;21.1316227;20.897;18.4;1598224045;-1
1598227394;21.2;21.2045883;20.902;17.8;1598227395;-1
1598230744;21.07;21.1437343;20.801;17.5;1598230745;-1
1598234094;21.099;21.1000004;20.813;16.8;1598234095;-1
1598237444;21.1;21.0755129;20.748;16.1;1598237445;-1
1598240794;21.021;20.9984945;20.7;16.7;1598240795;-1
1598244144;20.992;21.0071729;20.697;17.1;1598244145;-1
1598247494;21.018;21.0981285;20.7;18.6;1598247495;-1
1598250844;21.093;21.1000027;20.701;19.9;1598250845;-1
1598254194;21.2;21.1999303;20.807;21.9;1598254195;-1
1598257544;21.301;21.3008417;21.011;22.2;1598257545;-1
1598260895;21.4;21.3466401;21.047;21.9;1598260895;0
1598264245;21.456;21.3997552;21.099;20.8;1598264245;0
1598267595;21.5;21.3991189;21.1;20.9;1598267595;0
1598270945;21.5;21.5089215;21.101;20.8;1598270945;0
1598274295;21.5;21.4918146;21.102;21;1598274295;0
1598277645;21.52;21.4176368;21.153;20.8;1598277645;0
1598280995;21.501;21.4999987;21.201;20.4;1598280995;0
1598284345;21.487;21.4999862;21.197;19.7;1598284345;0
1598287695;21.5;21.4131321;21.2;18.8;1598287695;0
1598291045;21.513;21.400009;21.1;18.4;1598291045;0
1598294395;21.403;21.401833;21.014;18.4;1598294395;0
1598297745;21.399;21.3202105;20.975;18;1598297745;0
1598301095;21.4;21.3779009;20.999;18.2;1598301095;0
1598304445;21.397;21.3471612;20.999;18;1598304446;-1
1598307795;21.4;21.3001675;21;17.6;1598307796;-1
1598311145;21.395;21.3010244;20.926;17.3;1598311146;-1
1598314495;21.299;21.2999639;20.893;16.9;1598314496;-1
1598317845;21.301;21.3004807;20.9;16.4;1598317846;-1
1598321195;21.286;21.2442075;20.902;15.8;1598321196;-1
1598324545;21.313;21.301439;20.893;15.4;1598324546;-1
1598327895;21.264;21.1934038;20.799;15.9;1598327896;-1
1598331245;21.3;21.2021769;20.928;15.8;1598331246;-1
1598334595;21.3;21.198084;20.788;17.1;1598334596;-1
1598337945;21.3;21.2997636;20.925;18.3;1598337946;-1
1598341295;21.397;21.300245;20.9;19.5;1598341296;-1
1598344645;21.401;21.4111588;21.004;21.1;1598344646;-1
1598347996;21.465;21.3913322;21;21.8;1598347996;0
1598351346;21.591;21.494793;21.208;22.9;1598351346;0
1598354696;21.697;21.6066092;21.297;23.1;1598354696;0
1598358046;21.701;21.7079294;21.4;22.2;1598358046;0
1598361396;21.739;21.7000821;21.394;22.3;1598361396;0
1598364746;21.796;21.6992286;21.399;21.8;1598364746;0
1598368096;21.8;21.7;21.4;21.3;1598368096;0
1598371446;21.7;21.6000651;21.4;21.1;1598371446;0
1598374796;21.7;21.5205864;21.232;20.4;1598374796;0
1598378146;21.614;21.6000386;21.3;19.8;1598378146;0
1598381496;21.589;21.4916686;21.237;19.5;1598381496;0
1598384846;21.6;21.491372;21.2;19.1;1598384846;0
1598388196;21.6;21.5016494;21.2;18.8;1598388196;0
1598391546;21.6;21.5;21.187;18.2;1598391547;-1
1598394896;21.604;21.4898508;21.18;17.8;1598394897;-1
1598398246;21.6;21.382813;21.156;17.3;1598398247;-1
1598401596;21.489;21.3890721;21.015;17.1;1598401610;-14
1598404946;21.498;21.3924175;21.104;16.9;1598404947;-1
1598408296;21.5;21.4000077;20.998;16.8;1598408297;-1
1598411646;21.5;21.3959678;21;16.6;1598411647;-1
1598414996;21.5;21.2744547;20.731;16.5;1598414997;-1
1598418346;21.5;21.1136529;20.251;16.8;1598418347;-1
1598421696;21.5;21.053314;19.991;17.6;1598421697;-1
1598425046;21.5;21.2331903;20.382;18;1598425047;-1
1598428396;21.5;21.3982233;20.998;18;1598428397;-1
1598431746;21.5;21.4;21;17.6;1598431747;-1
1598435097;21.497;21.4;20.999;17.9;1598435097;0
1598438447;21.502;21.4;21;18.1;1598438447;0
1598441797;21.497;21.4000612;21.003;15.3;1598441797;0
1598445147;21.5;21.4000513;21.001;15.5;1598445147;0
1598448497;21.507;21.3727963;21.001;15.6;1598448497;0
1598451847;21.5;21.4996685;20.979;15.3;1598451847;0
1598455197;21.403;21.3876444;20.89;15.8;1598455197;0
1598458547;21.489;21.3035772;20.9;15.9;1598458547;0
1598461897;21.35;21.299999;20.9;15.7;1598461897;0
1598465247;21.332;21.2754698;20.808;15.2;1598465247;0
1598468597;21.3;21.2001045;20.8;15;1598468597;0
1598471947;21.3;21.2;20.795;14.3;1598471947;0
1598475297;21.295;21.0938538;20.7;14.2;1598475297;0
1598478647;21.203;21.0999281;20.654;14.4;1598478648;-1
1598481997;21.199;21.0973669;20.601;14;1598481998;-1
1598485347;21.089;21.0764456;20.588;13.7;1598485348;-1
1598488697;21.123;20.9414147;20.5;13.7;1598488698;-1
1598492047;21.1;20.8980159;20.494;13.6;1598492048;-1
1598495397;21;20.9132893;20.4;13.7;1598495398;-1
1598498747;20.922;20.9336725;20.293;14.2;1598498748;-1
1598502097;20.922;20.8552785;20.336;14.5;1598502098;-1
1598505447;21;20.9000484;20.306;16.3;1598505448;-1
1598508797;20.999;20.8691736;20.4;17.2;1598508798;-1
1598512147;20.998;20.8998878;20.517;16.5;1598512148;-1
1598515497;21.109;20.9984391;20.465;18.4;1598515498;-1
1598518847;21.082;21.1068906;20.547;18.4;1598518848;-1
1598522198;21.237;21.1000172;20.711;18.6;1598522198;0
1598525548;21.286;21.2143603;20.798;19.7;1598525548;0
1598528898;21.375;21.2041633;20.8;19.8;1598528898;0
1598532248;21.398;21.2981021;20.897;19.9;1598532248;0
1598535598;21.395;21.2984874;20.909;19.7;1598535598;0
1598538948;21.292;21.2397836;20.917;19.4;1598538948;0
1598542298;21.335;21.2352028;20.877;19;1598542298;0
1598545648;21.922;21.6073536;21.302;18.6;1598545648;0
1598548998;21.81;21.4966083;21.195;18.3;1598548999;-1
1598552348;21.599;21.4001264;21.092;16.4;1598552348;0
1598555698;21.394;21.3947153;20.889;16.2;1598555698;0
1598559048;21.406;21.271008;20.92;15.8;1598559048;0
1598562398;21.304;21.2000813;20.808;15.6;1598562399;-1
1598565748;21.31;21.0859702;20.7;15.3;1598565749;-1
1598569098;21.2;21.0567967;20.6;15.1;1598569099;-1
1598572448;21.287;21.0458728;20.606;15.3;1598572449;-1
1598575798;21.095;21.0000028;20.58;15;1598575799;-1
1598579148;21.1;20.9585067;20.5;15;1598579149;-1
1598582498;21.047;20.8999993;20.491;15;1598582499;-1
1598585848;20.986;20.8911669;20.409;14.9;1598585849;-1
1598589198;21.026;20.910222;20.404;15.5;1598589199;-1
1598592548;21.29;20.0604489;21.545;17.1;1598605871;-13323
1598595898;21.371;19.9563756;22.135;17.1;1598605871;-9973
1598599248;21.294;20.2969536;22.166;17.1;1598605871;-6623
1598602598;21.168;20.7540056;21.653;17.1;1598605871;-3273
1598605949;21.1;20.9993539;20.61;17.2;1598605949;0
1598609299;21.099;20.8932606;20.496;17.5;1598609299;0
1598612649;21.195;21.0000036;20.6;18.1;1598612649;0
1598615999;21.201;21.000014;20.597;17.3;1598615999;0
1598619349;21.178;20.991917;20.601;16.4;1598619349;0
1598622699;21.1;20.9997555;20.618;16.7;1598622699;0
1598626049;21.102;21.0000433;20.591;18.1;1598626049;0
1598629399;21.19;20.9991503;20.494;18;1598629399;0
1598632749;21.1;20.8985007;20.499;17.2;1598632749;0
1598636099;21.101;20.9000012;20.5;16.5;1598636099;0
1598639449;21;20.9135431;20.467;16.1;1598639449;0
1598642799;21.012;20.7781999;20.426;15.5;1598642799;0
1598646149;20.944;20.7999798;20.301;15.1;1598646149;0
1598649499;20.9;20.6709774;20.3;14.7;1598649500;-1
1598652849;20.778;20.7008292;20.299;14.3;1598652850;-1
1598656199;20.8;20.6071607;20.2;14.3;1598656200;-1
1598659549;20.769;20.6133221;20.2;14.4;1598659550;-1
1598662899;20.702;20.6134143;20.103;14.3;1598662900;-1
1598666249;20.7;20.5844617;20.1;14.1;1598666250;-1
1598669599;20.703;20.5;20.1;13.7;1598669600;-1
1598672949;20.6;20.5;20.079;14.1;1598672950;-1
1598676299;20.6;20.4988831;20;14.3;1598676300;-1
1598679649;20.6;20.3923397;20;14;1598679650;-1
1598682999;20.555;20.3857955;19.999;14.2;1598683000;-1
1598686349;20.601;20.4;20.006;14.7;1598686350;-1
1598689699;20.519;20.3916731;19.899;15;1598689700;-1
1598693050;20.599;20.4;19.996;15.6;1598693050;0
1598696400;20.603;20.4025868;20.009;16.4;1598696400;0
1598699750;20.613;20.4169167;20.105;17.9;1598714682;-14932
1598703100;20.625;20.4390696;20.25;17.9;1598714682;-11582
1598706450;20.633;20.4636281;20.372;17.9;1598714682;-8232
1598709800;20.631;20.4851749;20.399;17.9;1598714682;-4882
1598713150;20.614;20.4982927;20.259;17.9;1598714682;-1532
1598716500;20.699;20.5000001;20.102;18;1598716500;0
1598719850;20.601;20.4028901;20.114;16.9;1598719850;0
1598723200;20.534;20.3964168;19.994;16.6;1598723200;0
1598726550;20.514;20.3768297;20;16.2;1598726550;0
1598729900;20.394;20.2889711;19.999;15.8;1598729900;0
1598733250;20.302;20.200713;19.868;15.6;1598733250;0
1598736600;18.609;20.1984362;19.459;19.3;1598821200;-84600
1598739950;15.92;20.1900565;18.864;19.3;1598821200;-81250
1598743300;13.709;20.1753596;18.27;19.3;1598821200;-77900
1598746650;11.944;20.1553311;17.683;19.3;1598821200;-74550
1598750000;10.592;20.1309563;17.109;19.3;1598821200;-71200
1598753350;9.62;20.1032205;16.556;19.3;1598821200;-67850
1598756700;8.998;20.0731093;16.028;19.3;1598821200;-64500
1598760050;8.692;20.041608;15.534;19.3;1598821200;-61150
1598763400;8.671;20.0097021;15.079;19.3;1598821200;-57800
1598766750;8.903;19.9783769;14.67;19.3;1598821200;-54450
1598770100;9.355;19.9486179;14.313;19.3;1598821200;-51100
1598773450;9.995;19.9214104;14.016;19.3;1598821200;-47750
1598776800;10.79;19.8977399;13.784;19.3;1598821200;-44400
1598780151;11.71;19.8785919;13.624;19.3;1598821200;-41049
1598783501;12.721;19.8649516;13.542;19.3;1598821200;-37699
1598786851;13.792;19.8578045;13.546;19.3;1598821200;-34349
1598790201;14.89;19.8581361;13.642;19.3;1598821200;-30999
1598793551;15.983;19.8669317;13.835;19.3;1598821200;-27649
1598796901;17.04;19.8851767;14.134;19.3;1598821200;-24299
1598800251;18.027;19.9138566;14.543;19.3;1598821200;-20949
1598803601;18.913;19.9539568;15.07;19.3;1598821200;-17599
1598806951;19.665;20.0064626;15.721;19.3;1598821200;-14249
1598810301;20.252;20.0723596;16.503;19.3;1598821200;-10899
1598813651;20.641;20.152633;17.423;19.3;1598821200;-7549
1598817001;20.8;20.2482684;18.486;19.3;1598821200;-4199
1598820351;20.697;20.360251;19.699;19.3;1598821200;-849
1598823701;20.542;20.3751462;20.107;18.4;1598823702;-1
1598827051;20.601;20.485853;20.201;20.6;1598827052;-1
1598830401;20.609;20.4000436;20.198;20.6;1598830402;-1
1598833751;20.499;20.3996721;20.184;20.8;1598833752;-1
1598837101;20.499;20.4000002;20.1;20.3;1598837102;-1
1598840451;20.502;20.3655668;20.1;19.9;1598840452;-1
1598843801;20.503;20.3525003;20.1;19.1;1598843802;-1
1598847151;20.579;20.3125764;20.1;19.3;1598847152;-1
1598850501;20.502;20.3996168;20.1;19.7;1598850502;-1
1598853851;20.501;20.4005427;20.1;21.7;1598853852;-1
1598857201;20.6;20.5124342;20.199;23;1598857202;-1
1598860551;20.701;20.4919168;20.303;24.4;1598860552;-1
1598863901;20.786;20.70617;20.388;26.5;1598863902;-1
1598867252;20.982;20.7992995;20.6;27.6;1598867252;0
1598870602;21.099;20.895856;20.804;29.3;1598870602;0
1598873952;21.2;21.1066135;21.011;29.9;1598873952;0
1598877302;21.3;21.3008008;21.21;29.8;1598877302;0
1598880652;21.399;21.4006211;21.361;29.8;1598880652;0
1598884002;21.501;21.4999096;21.413;28.5;1598884002;0
1598887352;21.393;21.4717602;21.4;27.6;1598887352;0
1598890702;21.41;21.2986758;21.298;26.7;1598890702;0
1598894052;21.275;21.290805;21.199;25.6;1598894052;0
1598897402;21.3;21.1941959;21.214;25;1598897402;0
1598900752;21.3;21.1586696;21.113;23.9;1598900752;0
1598904102;21.247;21.1470398;20.996;23.8;1598904102;0
1598907452;21.2;21.0359849;21;23.2;1598907452;0
