ts;co2;humidity;light;motion;temperature;vdd
1594141855831;525;54;109;8;26.2;3645
1594142152425;532;55;3;2;26;3647
1594142453261;507;55;3;0;26;3650
1594142752939;519;55;3;0;26.1;3650
1594143052942;512;55;3;0;26.1;3650
1594143352958;509;55;2;0;26.1;3653
1594143652314;504;55;2;0;26.1;3653
1594143952812;504;55;1;0;26.1;3653
1594144253207;504;55;1;0;26.1;3653
1594144552138;491;55;1;0;26.1;3653
1594144852420;486;55;1;0;26.1;3653
1594145152545;485;55;1;0;26.1;3655
1594145452660;482;55;1;0;26.1;3655
1594145752167;479;55;1;0;26.1;3653
1594146052369;474;55;1;0;26.1;3655
1594146354985;468;55;1;0;26.1;3655
1594146653341;472;55;1;0;26.1;3655
1594146952477;472;55;1;0;26;3655
1594147252606;463;56;1;0;26;3655
1594147552742;476;56;1;0;26.1;3653
1594147850664;459;56;1;0;26.1;3658
1594148151369;456;56;1;0;26.1;3658
1594148454505;448;56;1;0;26.1;3655
1594148754000;462;56;1;0;26.1;3655
1594149052977;459;56;1;0;26.1;3658
1594149351196;450;56;1;0;26.1;3658
1594149653057;455;56;1;0;26;3658
1594149951101;445;56;1;0;26.1;3655
1594150252790;451;56;1;0;26;3658
1594150550398;428;56;1;0;26;3658
1594150851133;429;55;1;0;26;3655
1594151150661;431;55;1;0;25.9;3658
1594151454939;429;55;1;0;26;3658
1594151753470;429;55;1;0;26;3658
1594152053232;425;56;1;0;26;3655
1594152350618;414;56;1;0;26;3655
1594152651927;418;55;1;0;26.1;3655
1594152951856;413;55;1;0;26;3655
1594153251710;413;56;1;0;26;3658
1594153551245;410;56;1;0;26;3658
1594153851984;407;56;1;0;26;3658
1594154155333;411;56;1;0;26;3655
1594154452674;413;56;1;0;25.9;3658
1594154754460;412;56;1;0;26;3655
1594155052225;396;56;1;0;26;3658
1594155354179;408;56;1;0;25.9;3655
1594155652252;400;56;1;0;26;3658
1594155951463;402;56;1;0;26;3655
1594156253303;405;56;1;0;26;3655
1594156555188;408;56;1;0;25.9;3658
1594156851719;402;56;1;0;25.9;3655
1594157153178;400;56;1;0;25.9;3655
1594157452610;397;56;1;0;25.9;3658
1594157753877;393;56;1;0;25.9;3655
1594158053206;400;56;1;0;25.9;3653
1594158354009;405;56;1;0;25.9;3658
1594158652908;393;56;1;0;25.9;3653
1594158954536;402;56;1;0;25.9;3655
1594159251226;390;56;1;0;25.9;3658
1594159554833;390;56;1;0;25.9;3655
1594159851359;389;56;1;0;25.9;3655
1594160152583;397;56;1;0;25.8;3655
1594160455195;398;56;1;0;25.9;3658
1594160752190;386;56;1;0;25.9;3655
1594161051154;385;56;1;0;25.9;3655
1594161352216;398;56;1;0;25.9;3655
1594161651399;379;56;1;0;25.9;3655
1594161953869;380;56;1;0;25.9;3655
1594162252145;390;56;1;0;25.9;3655
1594162553039;388;56;1;0;25.8;3653
1594162854014;388;56;1;0;25.9;3655
1594163150854;384;56;1;0;25.8;3655
1594163450450;384;56;1;0;25.8;3655
1594163751266;388;56;1;0;25.9;3655
1594164053178;391;56;1;0;25.9;3653
1594164351750;390;56;1;0;25.9;3655
1594164653616;385;56;1;0;25.8;3653
1594164950591;389;56;1;0;25.8;3655
1594165251110;374;56;1;0;25.9;3655
1594165552075;383;56;1;0;25.9;3655
1594165851813;386;56;1;0;25.9;3653
1594166149719;378;56;1;0;25.9;3653
1594166452588;380;56;1;0;25.9;3653
1594166751232;379;56;1;0;25.9;3653
1594167051295;387;56;1;0;25.9;3653
1594167352299;381;56;1;0;25.8;3655
1594167653580;388;56;1;0;25.9;3653
1594167951639;381;56;1;0;25.9;3653
1594168252213;390;56;1;0;25.8;3653
1594168551049;387;56;1;0;25.8;3655
1594168853440;380;56;1;0;25.8;3655
1594169151135;385;56;1;0;25.8;3653
1594169451781;370;56;1;0;25.9;3653
1594169751078;389;56;1;0;25.8;3653
1594170052781;381;56;1;0;25.8;3653
1594170353110;390;56;1;0;25.9;3653
1594170650271;373;56;1;0;25.8;3655
1594170949836;378;56;1;0;25.9;3653
1594171250677;378;55;1;0;25.8;3653
1594171550392;378;55;2;0;25.8;3653
1594171855679;377;55;2;0;25.8;3653
1594172151994;372;55;2;0;25.8;3653
1594172452996;380;55;2;0;25.8;3653
1594172751510;381;55;3;0;25.8;3653
1594173053332;367;55;3;0;25.8;3653
1594173349351;377;55;3;0;25.8;3653
1594173649761;376;55;3;0;25.9;3653
1594173950848;383;55;3;0;25.8;3653
1594174251609;373;55;4;0;25.9;3653
1594174850648;375;55;7;0;25.9;3653
1594175150079;375;55;8;0;25.8;3653
1594175449331;379;55;8;0;25.8;3653
1594175749035;380;55;12;0;25.8;3653
1594176051592;374;55;10;0;25.9;3653
1594176352005;379;55;14;0;25.9;3653
1594176650234;370;55;16;0;25.9;3653
1594176951972;380;55;20;0;25.9;3650
1594177251382;381;55;17;0;25.9;3653
1594177552611;378;55;17;0;25.9;3653
1594177850353;381;55;16;0;26;3653
1594178152233;385;55;19;0;26;3650
1594178452030;375;55;19;0;26;3647
1594178748955;379;55;17;0;25.9;3653
1594179050425;373;55;16;0;26.1;3650
1594179350769;385;55;14;0;26;3650
1594179650372;375;55;22;0;26.1;3653
1594179951874;377;55;31;0;26.1;3650
1594180251075;374;55;13;0;26;3650
1594180550264;369;55;9;0;26;3650
1594180849832;368;55;15;0;26;3650
1594181153422;372;55;19;0;26;3653
1594181451395;370;55;13;0;26;3650
1594181752920;376;55;16;0;26;3647
1594182051755;373;54;17;0;26.1;3650
1594182349675;377;54;23;0;26.1;3647
1594182649799;378;54;29;0;26;3647
1594182950932;375;54;37;0;26.1;3647
1594183249992;377;54;42;0;26.1;3647
1594183552435;381;54;42;0;26.1;3647
1594183850031;375;54;39;0;26.1;3650
1594184451385;369;54;21;0;26.1;3647
1594184752408;382;54;17;0;26.2;3647
1594185050202;372;54;16;0;26.2;3647
1594185352921;378;54;17;0;26.1;3647
1594185649181;375;54;15;0;26.2;3647
1594185953128;376;54;14;0;26.2;3647
1594186250251;363;54;18;0;26.1;3647
1594186553566;376;54;26;0;26.1;3647
1594186849224;375;54;34;0;26.1;3647
1594187149568;381;54;32;0;26.1;3647
1594187453525;372;54;46;0;26.2;3647
1594187753363;386;54;55;0;26.2;3647
1594188049507;364;54;49;0;26.2;3647
1594188353203;372;54;47;0;26.3;3647
1594188649143;374;54;37;0;26.2;3645
1594188949223;377;54;28;0;26.3;3645
1594189252255;370;54;49;0;26.3;3647
1594189550947;373;54;63;0;26.3;3645
1594189853350;378;53;62;0;26.3;3645
1594190150355;384;53;61;0;26.4;3645
1594190450635;383;53;56;0;26.4;3645
1594190750631;382;53;61;0;26.4;3645
1594191050434;377;53;56;0;26.5;3645
1594191356429;375;53;57;0;26.4;3642
1594191653175;379;53;58;0;26.4;3642
1594191950157;378;53;56;0;26.5;3642
1594192250903;379;53;52;0;26.5;3642
1594192554272;378;53;48;0;26.5;3642
1594192854592;373;53;53;0;26.5;3639
1594193149423;380;53;61;0;26.6;3642
1594193452747;378;53;65;0;26.5;3642
1594193751964;383;53;72;0;26.6;3642
1594194051087;378;53;71;0;26.6;3639
1594194350482;375;53;62;0;26.6;3642
1594194653030;366;53;67;0;26.6;3637
1594194951957;375;53;67;0;26.7;3637
1594195250157;371;53;68;0;26.7;3637
1594195553009;373;53;81;0;26.7;3637
1594195850463;381;53;80;0;26.7;3637
1594196153015;373;53;76;0;26.7;3637
1594196450448;379;53;79;0;26.8;3637
1594196752922;379;53;86;0;26.7;3637
1594197050599;370;53;81;0;26.8;3637
1594197350819;386;53;77;0;26.8;3637
1594197651587;376;53;84;0;26.8;3637
1594197951500;383;53;93;0;26.8;3637
1594198249435;373;52;86;0;26.8;3637
1594198552733;369;52;92;0;26.8;3637
1594198849299;367;52;83;0;26.9;3637
1594199152517;384;52;79;0;26.9;3637
1594199449792;379;52;78;0;26.9;3637
1594199751604;383;52;77;0;26.9;3637
1594200050431;389;52;73;0;26.9;3637
1594200352750;378;52;85;0;26.9;3637
1594200650256;379;52;87;0;26.9;3637
1594200951279;382;52;78;0;26.9;3637
1594201252239;383;52;77;0;26.9;3631
1594201554378;385;52;68;0;26.9;3631
1594201851703;375;52;67;0;26.9;3631
1594202154567;373;52;69;0;27;3631
1594202449563;375;53;72;0;26.9;3631
1594202753112;370;53;75;0;26.9;3631
1594203051587;377;53;73;0;27;3631
1594203352239;384;53;85;0;27;3629
1594203649691;374;53;72;0;27;3631
1594203952475;370;53;85;0;27;3631
1594204252530;376;53;84;0;27;3631
1594204552831;375;53;106;0;27;3631
1594204849751;377;53;77;0;27;3631
1594205152243;373;53;77;0;27.1;3631
1594205450067;380;53;105;0;27.1;3631
1594205753543;373;53;103;0;27.1;3631
1594206051295;379;53;97;0;27.1;3631
1594206353689;367;53;129;0;27.1;3631
1594206651595;376;53;129;0;27.1;3631
1594206952715;369;53;107;0;27.1;3631
1594207250455;373;53;92;0;27.1;3631
1594207550633;367;53;91;0;27.1;3631
1594207850587;384;53;113;0;27.2;3634
1594208154583;380;53;116;0;27.2;3637
1594208449375;371;53;87;0;27.2;3637
1594208759614;373;53;67;0;27.2;3637
1594209055312;363;53;84;0;27.2;3637
1594209353967;367;53;135;0;27.2;3637
1594209650231;373;53;141;0;27.2;3637
1594209953405;382;53;59;0;27.3;3637
1594210250611;366;53;51;0;27.3;3637
1594210551559;381;53;136;0;27.3;3639
1594210849207;375;53;134;0;27.3;3639
1594211151231;366;53;179;0;27.3;3637
1594211453383;371;53;101;0;27.4;3639
1594211751947;371;53;79;0;27.3;3639
1594212050647;370;53;59;0;27.3;3639
1594212349746;368;53;50;0;27.3;3642
1594212649587;380;53;33;0;27.3;3642
1594213250343;373;53;14;0;27.2;3642
1594213552319;379;53;12;0;27.2;3642
1594213855528;366;53;27;0;27.2;3642
1594214153222;375;54;39;0;27.2;3639
1594214449651;378;54;34;0;27.1;3642
1594214749711;369;54;33;0;27.1;3642
1594215050240;370;54;52;0;27.1;3642
1594215350187;366;54;68;0;27.1;3642
1594215649787;364;54;66;0;27.1;3642
1594215951574;366;54;56;0;27.1;3642
1594216250555;369;54;37;0;27.2;3642
1594216551495;367;54;18;0;27.1;3642
1594216851683;368;54;13;0;27;3642
1594217151854;376;54;10;0;27.1;3642
1594217450387;368;55;14;0;27;3645
1594217751113;363;54;18;0;27;3642
1594218049439;369;55;13;0;27;3642
1594218352246;372;55;11;0;27;3642
1594218653815;366;55;15;0;26.9;3642
1594218949907;362;55;27;0;26.9;3642
1594219249828;361;55;26;0;27;3642
1594219552386;379;55;35;0;26.9;3642
1594219849839;371;55;32;0;26.9;3642
1594220150435;365;55;32;0;26.9;3642
1594220449351;365;55;28;0;26.9;3642
1594220749447;365;55;31;0;26.9;3642
1594221049174;365;55;29;0;26.9;3642
1594221353484;372;55;33;0;26.9;3642
1594221650003;361;55;21;0;26.9;3645
1594221949587;366;55;10;0;26.9;3642
1594222249031;364;55;13;0;26.9;3642
1594222549508;364;56;6;0;26.8;3642
1594222848883;347;56;4;0;26.8;3642
1594223150231;353;56;4;0;26.8;3642
1594223450087;363;56;8;0;26.8;3642
1594223749827;370;57;8;0;26.7;3642
1594224051152;360;57;5;0;26.8;3642
1594224349267;370;57;6;0;26.7;3642
1594224650867;373;57;4;0;26.7;3645
1594224949771;360;57;4;0;26.7;3642
1594225250751;367;57;4;0;26.6;3642
1594225550187;357;57;2;0;26.6;3642
1594225851914;360;57;2;0;26.6;3642
1594226150215;360;57;2;0;26.5;3642
1594226453040;362;57;2;0;26.5;3642
1594226749143;363;57;1;0;26.4;3642
1594227052217;359;57;1;0;26.4;3642
1594227349631;370;57;1;0;26.5;3642
1594227649076;370;57;1;0;26.4;3642
1594227949803;375;57;1;0;26.4;3642
1594228253334;367;58;1;0;26.4;3642
1594228549431;376;58;1;0;26.3;3642
1594228849867;381;58;1;0;26.2;3642
1594229150187;371;58;1;0;26.2;3642
1594229450771;372;58;1;0;26.3;3642
1594229748747;365;58;1;0;26.2;3642
1594230049945;376;58;1;0;26.1;3642
1594230349031;364;58;1;0;26.1;3642
1594230649515;382;58;1;0;26.2;3642
1594230949875;369;58;1;0;26.1;3642
1594231252135;375;58;1;0;26.1;3642
1594231548953;372;58;1;0;26.1;3642
1594231851260;366;58;1;0;26;3642
1594232149463;366;57;1;0;26;3642
1594232451313;369;57;1;0;26;3642
1594232749011;361;57;1;0;26;3642
1594233050201;369;57;1;0;25.9;3642
1594233348431;373;57;1;0;25.9;3642
1594233652538;367;57;1;0;25.9;3642
1594233949087;375;57;1;0;25.9;3642
1594234250411;371;57;1;0;25.8;3642
1594234550167;369;57;1;0;25.8;3642
1594234852857;367;57;1;0;25.8;3642
1594235149460;373;57;1;0;25.8;3642
1594235450071;366;57;1;0;25.8;3642
1594235748763;361;57;1;0;25.7;3642
1594236049635;370;56;1;0;25.7;3642
1594236348871;362;56;1;0;25.7;3642
1594236653033;367;56;1;0;25.7;3642
1594236949459;372;56;1;0;25.7;3642
1594237249373;368;56;1;0;25.6;3642
1594237549219;373;56;1;0;25.7;3642
1594237851800;364;56;1;0;25.7;3642
1594238148031;372;56;1;0;25.7;3639
1594238449279;370;56;1;0;25.7;3642
1594238747491;357;56;1;0;25.6;3642
1594239051209;368;56;1;0;25.6;3639
1594239348639;372;55;1;0;25.6;3642
1594240252824;371;55;1;0;25.6;3639
1594240549644;368;55;1;0;25.5;3639
1594240848419;372;55;1;0;25.5;3642
1594241148899;365;55;1;0;25.5;3639
1594241451993;353;55;1;0;25.4;3642
1594241748471;369;54;1;0;25.4;3639
1594242049171;366;54;1;0;25.4;3642
1594242349491;368;54;1;0;25.4;3639
1594242653146;366;54;1;0;25.4;3642
1594242948983;374;54;1;0;25.4;3639
1594243248671;367;54;1;0;25.4;3642
1594243548687;375;54;1;0;25.4;3639
1594243852836;367;54;1;0;25.3;3639
1594244149631;370;54;1;0;25.3;3639
1594244450103;360;53;1;0;25.2;3639
1594244749043;365;53;1;0;25.2;3639
1594245050019;359;53;1;0;25.2;3639
1594245348631;360;53;1;0;25.2;3639
1594245647423;368;53;1;0;25.2;3639
1594245948067;361;53;1;0;25.2;3639
1594246249031;369;53;1;0;25.2;3639
1594246547231;362;53;1;0;25.1;3639
1594246847335;365;53;1;0;25.2;3639
1594247147447;361;53;1;0;25.1;3637
1594247448499;367;53;1;0;25.1;3637
1594247750922;358;52;1;0;25.1;3637
1594248049247;350;52;1;0;25.1;3639
1594248349438;363;52;1;0;25.1;3637
1594248648442;363;52;1;0;25.1;3639
1594248949345;364;52;1;0;25.1;3637
1594249249031;362;52;1;0;25.1;3639
1594249549289;343;52;1;0;25.1;3639
1594249848263;358;52;1;0;25.1;3637
1594250149797;366;52;1;0;25.1;3637
1594250448795;361;52;1;0;25.1;3637
1594250750429;361;52;1;0;25.1;3637
1594251047111;360;52;1;0;25;3637
1594251349099;359;52;1;0;25;3637
1594251648839;356;52;1;0;25;3637
1594251949271;366;52;1;0;25;3637
1594252248791;355;52;1;0;25;3637
1594252547277;361;52;1;0;25.1;3637
1594252847823;355;52;1;0;25;3637
1594253149959;363;52;1;0;25;3637
1594253447187;359;52;1;0;25;3637
1594253749689;367;52;1;0;25;3637
1594254048695;364;52;1;0;25;3637
1594254349245;356;52;1;0;24.9;3637
1594254648035;358;52;1;0;24.9;3637
1594254948295;366;51;1;0;24.9;3637
1594255247183;357;51;1;0;24.8;3639
1594255550234;360;51;1;0;24.9;3637
1594255848611;362;51;1;0;24.9;3637
1594256148930;366;51;1;0;24.8;3637
1594256448559;361;51;1;0;24.8;3637
1594256749899;355;51;1;0;24.8;3637
1594257046995;361;51;1;0;24.8;3637
1594257348635;368;51;1;0;24.7;3637
1594257648719;362;51;1;0;24.7;3637
1594257947667;359;51;1;0;24.7;3637
1594258246589;362;51;1;0;24.7;3637
1594258551404;360;51;1;0;24.7;3637
1594258848635;364;51;1;0;24.7;3637
1594259147832;362;51;1;0;24.6;3637
1594259448667;367;51;1;0;24.6;3637
1594259748188;364;51;1;0;24.6;3637
1594260048707;364;51;1;0;24.6;3637
1594260349343;351;50;2;0;24.6;3637
1594260647167;358;50;2;0;24.6;3637
1594260948492;362;50;2;0;24.6;3637
1594261248039;361;50;2;0;24.6;3637
1594261547476;364;50;2;0;24.6;3637
1594261848515;355;50;2;0;24.6;3637
1594262447836;345;50;2;0;24.5;3637
1594262747671;354;50;2;0;24.6;3637
1594263047847;359;50;3;0;24.6;3637
1594263346431;355;50;3;0;24.5;3637
1594263647303;370;50;3;0;24.6;3637
1594263948075;362;50;3;0;24.6;3637
1594264247639;368;50;5;0;24.5;3637
1594264548079;359;50;7;0;24.5;3637
1594264846615;364;50;5;0;24.5;3637
1594265147647;364;50;3;0;24.5;3637
1594265447231;364;50;3;0;24.5;3637
1594265748596;351;50;2;0;24.6;3637
1594266046571;364;50;3;0;24.5;3637
1594266347340;360;50;4;0;24.5;3637
1594266647451;368;50;6;0;24.5;3637
1594266949426;364;50;6;0;24.5;3637
1594267246159;354;50;6;0;24.5;3637
1594267546787;359;50;5;0;24.5;3637
1594267848122;361;50;4;0;24.5;3637
1594268146096;364;50;4;0;24.5;3637
1594268447943;352;50;3;0;24.4;3637
1594268749691;362;50;5;0;24.5;3634
1594269047875;355;50;15;0;24.5;3634
1594269346203;364;50;35;0;24.5;3637
1594269646907;355;50;28;0;24.5;3637
1594269947275;364;50;20;0;24.5;3634
1594270246439;359;50;15;0;24.6;3634
1594270546406;355;50;6;0;24.6;3637
1594270847343;360;50;22;0;24.6;3637
1594271147147;362;50;17;0;24.6;3637
1594271447355;358;50;19;0;24.6;3637
1594271746063;364;50;13;0;24.5;3637
1594272047119;353;50;24;0;24.6;3634
1594272345983;363;50;31;0;24.6;3634
1594272646231;365;50;16;0;24.6;3634
1594272947299;359;50;19;0;24.6;3637
1594273247647;354;50;19;0;24.6;3637
1594273549835;368;50;24;0;24.7;3637
1594273845871;370;50;24;0;24.6;3637
1594274150387;362;50;25;0;24.7;3637
1594274446031;362;50;22;0;24.7;3637
1594274747399;357;50;19;0;24.7;3634
1594275045831;364;50;32;0;24.7;3637
1594275347671;366;50;42;0;24.7;3637
1594275647115;363;50;57;0;24.7;3637
1594275947899;360;50;44;0;24.7;3634
1594276247231;346;49;35;0;24.8;3637
1594276547655;355;49;42;0;24.8;3634
1594276846671;361;50;48;0;24.8;3634
1594277147299;349;49;40;0;24.8;3634
1594277445651;363;49;49;0;24.8;3637
1594277746967;364;49;59;0;24.8;3637
1594278046063;360;49;50;0;24.8;3634
1594278347279;358;49;68;0;24.8;3631
1594278647471;368;49;62;0;24.9;3634
1594278945987;361;49;50;0;24.9;3634
1594279248659;356;49;58;0;25;3634
1594279545775;357;49;54;0;25;3637
1594279846987;361;49;54;0;25;3637
1594280147155;349;49;68;0;25;3634
1594280450607;366;49;59;0;25;3634
1594280747699;358;49;50;0;25;3631
1594281049179;364;49;48;0;25.1;3634
1594281346818;355;48;37;0;25;3634
1594281646168;357;48;49;0;25;3634
1594281945879;359;48;62;0;25;3634
1594282248231;357;48;80;0;25.1;3634
1594282545795;351;48;44;0;25;3634
1594282847711;358;48;42;0;25.1;3634
1594283145583;361;48;34;0;25;3634
1594283447215;357;48;72;0;25.1;3634
1594283745479;356;48;33;0;25.1;3634
1594284046592;359;48;42;0;25.1;3634
1594284345411;358;48;47;0;25.1;3634
1594284646277;364;48;46;0;25.1;3634
1594284962485;363;48;57;0;25.1;3631
1594285246243;352;48;44;0;25.1;3634
1594285580950;354;48;57;0;25.1;3634
1594285849383;353;48;69;0;25.1;3634
1594286147383;353;47;55;0;25.1;3634
1594286450133;349;47;47;0;25.1;3634
1594286746994;361;47;63;0;25.2;3634
1594287046083;357;47;63;0;25.2;3634
1594287345207;359;43;57;4;23.8;3634
1594287647875;376;44;76;0;23;3634
1594287948246;358;45;78;0;22.8;3631
1594288246391;358;44;102;0;22.4;3634
1594288546915;388;45;87;6;22.3;3631
1594288847864;373;46;2;7;21.8;3631
1594289145600;395;46;88;7;22.3;3631
1594289445416;392;45;66;8;22.7;3631
1594289746783;399;45;115;9;23.1;3631
1594290046670;422;45;38;9;23.4;3631
1594290346903;431;44;71;9;23.7;3631
1594290646402;458;44;103;9;24;3631
1594290946745;456;44;87;9;24.2;3631
1594291247507;481;44;92;9;24.3;3631
1594291545990;474;44;148;9;24.4;3631
1594291847095;488;44;188;4;24.6;3631
1594292146735;458;43;105;0;24.6;3631
1594292446974;444;43;91;0;24.7;3631
1594292745380;430;43;69;0;24.7;3634
1594293046737;413;43;99;0;24.8;3631
1594293347619;406;42;129;0;24.8;3631
1594293647269;396;42;143;0;24.9;3631
1594293946176;396;42;133;0;24.8;3631
1594294246703;388;42;138;0;25;3631
1594294549011;383;42;154;0;25;3631
1594294846168;384;42;134;0;25;3631
1594295146657;372;42;128;0;25;3631
1594295446610;368;42;128;0;25.1;3634
1594295748115;376;42;175;0;25.2;3634
1594296046883;373;41;173;3;25.2;3631
1594296346467;379;41;146;9;25.1;3631
1594296646807;388;42;328;9;25;3634
1594296970046;404;42;345;9;25.1;3634
1594297572500;422;42;346;9;25.3;3631
1594298106021;439;42;90;7;25.5;3631
1594298544317;457;42;89;8;25.7;3634
1594299159649;509;43;80;9;25.9;3634
1594299632052;441;42;111;6;25.9;3631
1594300139057;400;40;648;4;25.9;3634
1594300533213;365;38;655;0;25.8;3631
1594300836549;343;38;718;0;25.6;3634
1594301335589;353;37;138;0;25.1;3631
1594301647044;350;38;137;0;25;3631
1594301931692;349;41;104;0;24.5;3631
1594302069661;342;43;106;0;24.2;3634
1594302386237;343;44;130;0;23.8;3631
1594302520094;344;44;204;0;23.7;3631
1594302648001;348;45;167;0;23.7;3631
1594302953803;343;44;140;0;23.7;3631
1594303543205;336;45;135;0;23.6;3631
1594303892497;345;45;122;0;23.6;3631
1594304446857;344;45;172;0;23.6;3631
1594304636933;432;46;146;4;23.6;3631
1594305263836;372;46;136;5;23.6;3631
1594305588217;442;45;180;9;23.6;3631
1594306269760;368;44;119;6;23.5;3629
1594306857763;357;43;160;8;23.5;3631
1594307829560;351;43;174;8;23.5;3629
1594309909772;384;42;644;6;23.4;3629
1594310341849;361;42;487;8;23.6;3629
1594310662227;368;41;397;8;23.6;3629
1594310912218;397;41;326;7;23.7;3629
1594311272055;368;41;253;7;23.8;3631
1594311493345;363;41;193;8;23.7;3631
1594311634977;361;42;142;7;23.6;3631
1594311816780;367;42;112;7;23.5;3631
1594312039900;364;42;86;8;23.5;3629
1594312225422;359;42;68;9;23.6;3629
1594312449296;372;42;58;8;23.6;3631
1594312608422;371;43;46;8;23.7;3629
1594312844119;376;43;43;5;23.8;3629
1594313145702;369;43;38;4;24;3629
1594313447336;373;43;35;5;24.1;3629
1594313751872;372;42;31;4;24.2;3629
1594314050248;376;42;26;4;24.3;3629
1594314346181;366;42;15;4;24.4;3629
1594314647313;373;42;12;4;24.5;3629
1594314945597;372;42;11;4;24.5;3629
1594315246836;359;42;9;4;24.5;3629
1594315558213;371;42;8;4;24.6;3629
1594315843993;365;42;6;4;24.6;3629
1594316146726;363;42;5;4;24.5;3629
1594316444190;359;42;5;4;24.6;3629
1594316749384;366;42;4;4;24.6;3629
1594317355891;359;42;2;4;24.5;3631
1594317648282;367;43;2;4;24.5;3629
1594317944715;354;43;2;4;24.6;3631
1594318245997;354;43;2;4;24.5;3629
1594318544231;362;43;1;4;24.5;3631
1594318849557;370;43;1;4;24.5;3629
1594319147689;365;43;1;4;24.5;3629
1594319445107;369;43;1;3;24.5;3629
1594319745875;364;43;1;3;24.5;3631
1594320043399;361;43;1;3;24.5;3631
1594320354883;354;43;1;3;24.5;3629
1594320644607;351;43;1;3;24.5;3629
1594320953114;354;43;1;4;24.5;3629
1594321243949;364;44;1;4;24.5;3631
1594321550457;359;44;1;4;24.5;3629
1594321844653;357;44;1;4;24.4;3629
1594322143664;362;44;1;3;24.5;3629
1594322444391;361;44;1;3;24.4;3629
1594322746335;367;44;1;3;24.4;3626
1594323043731;354;44;1;3;24.4;3629
1594323346721;356;44;1;3;24.4;3629
1594323648869;369;44;1;4;24.4;3629
1594323947589;355;44;1;4;24.4;3629
1594324243779;362;44;1;4;24.4;3629
1594324547059;364;44;1;4;24.4;3631
1594324844241;358;44;1;4;24.4;3629
1594325144128;358;45;1;4;24.4;3629
1594325458919;362;45;1;4;24.3;3629
1594325743667;361;45;1;4;24.3;3629
1594326054072;358;45;1;4;24.4;3629
1594326343836;356;45;1;4;24.4;3629
1594326648255;362;45;1;4;24.4;3629
1594326943395;354;45;1;4;24.3;3629
1594327250056;355;45;1;4;24.4;3629
1594327544787;365;45;1;4;24.3;3629
1594327844146;365;45;1;4;24.3;3629
1594328144767;362;45;1;4;24.3;3629
1594328447429;363;45;1;4;24.3;3629
1594328745082;367;45;1;4;24.3;3629
1594329046799;354;45;1;4;24.3;3629
1594329345643;361;45;1;4;24.3;3629
1594329643234;356;45;1;4;24.3;3629
1594329943012;363;45;1;4;24.3;3629
1594330249293;359;45;1;4;24.3;3629
1594330543005;351;45;1;4;24.2;3626
1594330854082;358;45;1;4;24.2;3629
1594331147036;355;45;1;4;24.3;3629
1594331444357;358;45;1;4;24.3;3629
1594331745235;359;45;1;4;24.2;3629
1594332059530;364;45;1;4;24.3;3629
1594332352919;359;45;1;4;24.3;3629
1594332648085;366;45;1;3;24.2;3631
1594332943790;357;45;1;3;24.3;3629
1594333244204;367;45;1;3;24.3;3626
1594333547004;365;45;1;3;24.2;3631
1594334163851;365;45;1;4;24.2;3629
1594334445764;356;45;1;4;24.3;3629
1594334755738;361;45;1;4;24.2;3629
1594335044754;357;45;1;4;24.2;3626
1594335352002;353;45;1;3;24.2;3626
1594335643162;358;45;1;3;24.2;3629
1594335947971;353;45;1;3;24.2;3629
1594336244027;360;45;1;3;24.1;3629
1594336549212;364;45;1;3;24.1;3629
1594336850033;364;45;1;4;24.2;3626
1594337147270;359;45;1;4;24.1;3626
1594337455289;353;46;1;4;24.2;3626
1594337748743;359;45;1;4;24.2;3629
1594338053590;367;45;1;4;24.1;3626
1594338343718;366;45;1;4;24.1;3626
1594338642844;370;45;1;4;24.1;3629
1594338946685;358;45;1;4;24.2;3629
1594339243200;361;45;1;4;24.1;3626
1594339559462;361;45;1;4;24.1;3629
1594339843221;366;45;1;4;24.1;3629
1594340143403;361;45;1;4;24.1;3626
1594340446748;362;46;1;4;24.1;3629
1594340747817;356;46;1;4;24.1;3629
1594341049788;362;45;1;4;24;3629
1594341348392;367;45;1;4;24.1;3629
1594341643158;370;45;1;4;24;3629
1594341951405;361;46;1;4;24;3629
1594342244246;367;45;1;4;24;3626
1594342545780;362;45;1;4;24;3626
1594342851552;366;45;1;4;24;3626
1594343157572;371;45;1;4;24;3629
1594343442687;365;45;2;4;24;3626
1594343744032;362;45;2;4;24;3629
1594344044437;364;45;2;4;24;3629
1594344347959;363;45;3;4;24;3629
1594344645959;364;45;4;4;24;3629
1594344943104;360;45;5;4;24;3626
1594345249225;366;45;6;4;24;3629
1594345545031;366;45;6;4;24;3629
1594345852901;361;45;6;3;24;3629
1594346146944;358;45;7;3;24;3626
1594346448739;365;45;8;3;24;3629
1594346749160;361;45;9;3;24.1;3629
1594347051589;363;45;10;4;24;3629
1594347352925;362;45;11;4;24;3626
1594347649333;362;45;13;4;24;3626
1594347942678;363;45;16;4;24.1;3626
1594348250525;361;45;18;4;24.1;3626
1594348544074;361;45;20;3;24;3629
1594348842566;359;45;21;3;24.1;3626
1594349142235;370;45;21;3;24;3629
1594349446744;359;45;19;3;24.1;3626
1594349752473;361;45;18;4;24.1;3629
1594350051020;369;45;17;4;24.1;3629
1594350350333;355;45;17;4;24.1;3629
1594350645422;361;45;17;4;24.1;3629
1594350942875;362;45;16;4;24.1;3629
1594351243887;364;45;16;4;24.1;3629
1594351552676;362;45;17;4;24.1;3626
1594351847414;370;45;17;4;24.1;3626
1594352145069;364;45;17;4;24.1;3626
1594352444263;361;45;17;4;24.1;3626
1594352749414;366;45;17;4;24.1;3629
1594353042324;365;45;17;4;24.1;3629
1594353346766;365;45;17;4;24.1;3626
1594353645095;362;45;18;4;24;3626
1594353960501;365;45;18;4;24.1;3626
1594354246645;364;45;18;4;24.1;3629
1594354557897;363;45;18;4;24.1;3626
1594354845471;368;45;18;4;24.1;3626
1594355143679;368;45;18;4;24.1;3626
1594355445766;359;45;18;4;24.1;3629
1594355743591;364;45;19;4;24.1;3629
1594356042431;361;45;19;4;24.1;3629
1594356344525;362;45;19;4;24.1;3626
1594356642189;362;45;19;4;24.1;3626
1594356948734;363;45;19;4;24.1;3629
1594357244800;365;45;19;4;24.1;3626
1594357544687;360;45;18;4;24.1;3629
1594357842771;358;45;19;4;24.1;3629
1594358145392;368;45;19;4;24.1;3629
1594358446048;360;45;19;4;24.1;3629
1594358747347;360;45;19;3;24.1;3629
1594359043413;367;45;19;3;24.1;3626
1594359343011;359;45;19;3;24.1;3629
1594359642991;357;45;19;3;24.1;3626
1594359944855;355;44;19;3;24.2;3626
1594360256375;354;44;19;4;24.1;3626
1594360549377;358;44;19;4;24.1;3626
1594360853901;358;44;20;4;24.1;3626
1594361142914;363;44;26;4;24.1;3626
1594361446124;361;45;26;3;24.1;3626
1594361742279;365;44;23;3;24.1;3626
1594362055002;354;44;30;3;24.2;3629
1594362345045;360;44;30;3;24.1;3629
1594362655602;367;44;25;3;24.2;3626
1594362946739;356;44;27;4;24.2;3629
1594363253094;356;44;32;4;24.2;3626
1594363543848;362;44;32;4;24.2;3629
1594363842506;361;44;51;4;24.3;3626
1594364144966;361;44;49;4;24.3;3626
1594364455501;368;44;38;4;24.3;3629
1594364743390;352;44;44;4;24.3;3626
1594365048390;363;44;57;4;24.3;3629
1594365343834;366;44;57;4;24.3;3626
1594365643591;363;44;51;4;24.3;3629
1594365942870;365;44;44;4;24.3;3629
1594366249062;356;44;55;4;24.3;3626
1594366542379;364;44;54;4;24.3;3629
1594366844340;363;44;39;4;24.3;3626
1594367147177;366;44;50;4;24.3;3626
1594367443669;345;44;43;4;24.4;3626
1594367744775;361;44;49;4;24.4;3629
1594368044626;362;44;61;4;24.4;3626
1594368345126;357;44;56;4;24.4;3629
1594368648953;354;44;51;4;24.4;3626
1594368943195;367;44;41;4;24.5;3626
1594369243164;349;43;40;4;24.5;3629
1594369547292;350;43;42;4;24.4;3629
1594369842724;352;43;49;4;24.5;3629
1594370143993;354;43;52;4;24.4;3629
1594370441515;352;43;63;4;24.5;3629
1594370743159;353;43;57;4;24.4;3629
1594371042391;356;43;49;4;24.4;3629
1594371343618;362;43;65;4;24.5;3626
1594371645161;356;43;45;4;24.6;3626
1594371942992;359;43;47;3;24.6;3629
1594372243124;354;43;70;3;24.5;3626
1594372542153;354;43;67;3;24.6;3626
1594372843981;348;43;64;3;24.5;3626
1594373446978;358;42;79;4;24.6;3629
1594373747773;348;42;53;4;24.6;3629
1594374044549;366;42;64;4;24.6;3629
1594374350337;348;42;40;4;24.7;3629
1594374643062;352;42;37;4;24.6;3626
1594374942091;355;42;68;4;24.7;3629
1594375268132;358;42;70;4;24.6;3626
1594375548132;357;42;74;4;24.7;3629
1594375848561;351;42;83;4;24.7;3629
1594376153452;347;41;90;5;24.7;3629
1594376517273;352;41;99;4;24.7;3626
1594376741392;354;41;62;4;24.7;3629
1594377042814;357;41;55;4;24.7;3626
1594377342572;359;41;86;5;24.7;3629
1594377642346;357;41;85;5;24.8;3629
1594377943650;357;41;55;5;24.7;3629
1594378240516;356;41;98;5;24.8;3626
1594378545857;354;41;87;5;24.8;3629
1594378844057;356;41;84;5;24.8;3626
1594379142568;349;41;77;5;24.8;3629
1594379440984;350;41;78;5;24.8;3629
1594379740865;354;41;78;5;24.8;3626
1594380043377;357;41;82;5;24.9;3629
1594380341428;357;41;89;5;24.9;3629
1594380640767;351;41;96;5;24.9;3626
1594380942198;358;41;108;5;25;3626
1594381243677;362;41;119;5;25;3629
1594381544981;360;41;58;5;25;3626
1594381840499;357;40;61;5;25;3629
1594382143653;360;40;161;5;25;3629
1594382496550;356;40;114;4;25;3629
1594382785208;354;40;63;4;25;3626
1594383157573;350;40;79;4;25.1;3626
1594383679239;356;40;246;4;25.1;3629
1594383993111;359;40;232;4;25.1;3626
1594384297021;352;40;70;4;25.2;3629
1594384540410;351;40;71;4;25.2;3629
1594384843836;351;40;71;4;25.2;3629
1594385141986;357;40;86;3;25.2;3629
1594385444049;369;40;67;3;25.2;3629
1594385742718;349;40;84;3;25.2;3629
1594386041858;358;40;383;3;25.2;3629
1594386346830;363;40;87;3;25.2;3629
1594386649618;358;40;172;4;25.2;3629
1594386946900;356;40;454;4;25.3;3629
1594387253147;350;40;452;4;25.3;3629
1594387541452;359;40;239;4;25.4;3626
1594387841024;358;40;503;4;25.5;3629
1594388144633;361;40;545;4;25.6;3629
1594388443811;354;40;561;4;25.7;3629
1594388744154;364;40;832;4;25.8;3631
1594389044931;357;39;585;4;25.9;3629
1594389346897;357;39;748;5;26;3629
1594389646140;353;39;613;4;26.2;3629
1594389944681;354;39;652;4;26.3;3629
1594390247041;356;39;688;5;26.4;3631
1594390543479;359;39;655;5;26.5;3631
1594390840617;345;39;119;5;26.6;3629
1594391143892;356;39;99;5;26.6;3631
1594391440042;353;39;682;5;26.6;3631
1594391742623;357;39;691;5;26.7;3629
1594392040077;352;39;690;5;26.8;3631
1594392341910;358;39;693;5;26.9;3631
1594392639545;358;38;666;5;27;3631
1594392940863;354;38;765;5;27.1;3629
1594393242321;355;38;690;5;27.2;3631
1594393541954;368;38;679;5;27.3;3631
1594393840241;363;38;60;5;27.3;3631
1594394144005;364;38;652;5;27.3;3631
1594394445816;366;38;639;5;27.4;3631
1594394741700;359;38;63;5;27.4;3631
1594395040503;359;38;54;5;27.4;3631
1594395345043;357;38;37;5;27.3;3631
1594395639837;361;38;41;4;27.2;3631
1594395944245;361;38;427;4;27.1;3631
1594396244375;360;38;353;4;27.1;3631
1594396544360;370;39;296;4;27.1;3631
1594396842383;361;39;227;4;27.1;3631
1594397140206;367;39;176;4;27;3631
1594397442227;366;39;142;4;27;3631
1594397739910;362;39;100;4;26.9;3631
1594398040601;358;39;28;3;26.9;3631
1594398340186;362;39;24;3;26.8;3631
1594398640190;360;39;22;3;26.8;3631
1594398946307;357;39;21;3;26.7;3631
1594399243760;371;40;43;3;26.6;3631
1594399554287;367;40;38;4;26.6;3631
1594399845209;364;40;35;4;26.6;3629
1594400142851;366;40;28;4;26.5;3631
1594400443551;367;40;24;4;26.5;3631
1594400744433;370;40;15;4;26.4;3629
1594401055219;372;40;12;4;26.4;3631
1594401342868;360;40;11;4;26.3;3631
1594401652933;368;40;10;4;26.3;3631
1594401940527;367;40;9;4;26.2;3631
1594402256762;365;40;7;5;26.2;3631
1594402544405;374;40;6;4;26.1;3631
1594402840531;359;40;5;4;26.1;3631
1594403139816;357;40;4;4;26;3631
1594403445458;364;40;3;5;26;3631
1594403743920;359;40;2;4;25.9;3629
1594404039403;362;40;2;4;25.9;3631
1594404339190;362;40;2;5;25.9;3631
1594404639618;358;40;1;4;25.8;3631
1594404939823;365;40;1;4;25.8;3631
1594405242657;370;40;1;4;25.8;3629
1594405544627;365;40;1;4;25.7;3631
1594405843713;360;40;1;4;25.7;3629
1594406140054;377;40;1;4;25.7;3631
1594406441676;360;40;1;4;25.6;3629
1594406739201;368;40;1;4;25.7;3629
1594407045084;363;41;1;4;25.6;3631
1594407339721;360;41;1;4;25.6;3629
1594407643862;366;41;1;4;25.6;3631
1594407940074;373;41;1;4;25.5;3631
1594408243611;363;41;1;4;25.5;3629
1594408540321;359;41;1;4;25.5;3629
1594408842249;363;41;1;4;25.4;3631
1594409141177;362;41;1;4;25.4;3631
1594409439989;368;41;1;4;25.4;3629
1594409739087;374;41;1;4;25.4;3631
1594410039448;368;41;1;4;25.4;3629
1594410342954;371;41;1;4;25.3;3631
1594410640269;361;41;1;4;25.3;3631
1594410942814;365;41;1;4;25.3;3629
1594411240411;361;41;1;3;25.3;3629
1594411540387;364;41;1;3;25.3;3629
1594411842708;355;41;1;3;25.3;3629
1594412147868;363;41;1;3;25.2;3629
1594412439190;357;41;1;3;25.2;3629
1594412748201;367;41;1;4;25.2;3629
1594413048266;366;41;1;4;25.1;3629
1594413341976;363;41;1;4;25.2;3626
1594413645919;366;41;1;4;25.2;3629
1594413940172;371;41;1;3;25.1;3629
1594414245807;368;41;1;3;25.1;3631
1594414538983;373;41;1;3;25.1;3631
1594414963128;363;41;1;3;25.1;3629
1594415146181;366;41;1;3;25.1;3629
1594415445251;376;41;1;4;25.1;3631
1594415739983;358;42;1;4;25.1;3629
1594416047901;371;41;1;4;25.1;3629
1594416343932;364;42;1;4;25.1;3629
1594416648992;372;41;1;4;25.1;3631
1594416938628;362;42;1;4;25.1;3629
1594417253479;366;42;1;4;25.1;3629
1594417541934;359;42;1;4;25.1;3629
1594417845606;356;42;1;4;25;3629
1594418138795;370;42;1;4;25;3629
1594418441920;377;42;1;4;25;3629
1594418739330;373;42;1;4;25;3629
1594419042196;361;42;1;4;25;3631
1594419343127;368;42;1;4;24.9;3631
1594419638914;363;42;1;4;25;3629
1594419943353;366;42;1;4;25;3629
1594420239316;372;42;1;4;25;3629
1594420541430;368;42;1;4;24.9;3629
1594420856228;372;42;1;4;24.9;3629
1594421139846;359;42;1;4;24.9;3629
1594421459180;355;42;1;4;24.9;3629
1594421739610;363;42;1;4;24.9;3629
1594422039970;365;42;1;4;24.9;3629
1594422341835;362;42;1;4;24.9;3629
1594422642779;368;42;1;4;24.9;3629
1594422939434;362;42;1;4;24.9;3629
1594423248243;363;42;1;4;24.8;3631
1594423539705;368;42;1;4;24.9;3629
1594423839776;369;42;1;4;24.8;3629
1594424138200;357;42;1;4;24.9;3629
1594424439608;363;42;1;3;24.8;3629
1594424762419;366;42;1;3;24.9;3629
1594425043956;363;42;1;3;24.8;3629
1594425338140;363;42;1;3;24.8;3629
1594425943865;372;42;1;4;24.8;3629
1594426240390;372;42;1;4;24.8;3629
1594426542765;357;42;1;4;24.8;3629
1594426849147;367;42;1;4;24.8;3629
1594427139990;369;42;1;3;24.8;3629
1594427451275;372;42;1;3;24.8;3629
1594427749274;361;42;1;3;24.7;3629
1594428047268;365;42;1;3;24.8;3629
1594428354932;370;42;1;3;24.8;3629
1594428656571;358;42;1;4;24.7;3631
1594428953254;373;42;1;4;24.8;3629
1594429242442;371;42;1;4;24.7;3629
1594429539548;363;42;1;4;24.7;3629
1594429841413;367;42;2;4;24.7;3629
1594430144680;373;42;2;4;24.7;3629
1594430442581;374;42;2;4;24.8;3629
1594430738924;357;42;3;4;24.7;3629
1594431039615;358;42;4;4;24.7;3629
1594431340456;360;42;5;4;24.7;3629
1594431639169;372;42;5;4;24.7;3629
1594431939959;365;42;5;4;24.7;3629
1594432238501;367;42;6;4;24.7;3629
1594432539837;362;42;7;4;24.7;3629
1594432837637;371;42;8;4;24.7;3631
1594433140526;368;42;9;4;24.7;3629
1594433441210;361;42;11;4;24.8;3629
1594433738790;362;42;12;4;24.7;3629
1594434040113;363;42;13;4;24.7;3629
1594434337460;362;42;16;4;24.8;3629
1594434641164;368;42;18;4;24.8;3629
1594434938248;365;42;21;4;24.8;3629
1594435237759;363;42;24;4;24.7;3629
1594435538590;361;42;26;4;24.8;3629
1594435839752;365;42;27;4;24.8;3629
1594436142906;370;42;27;4;24.8;3629
1594436443790;361;42;26;4;24.8;3629
1594436742299;369;42;25;4;24.9;3629
1594437038180;374;42;21;4;24.8;3629
1594437337547;358;42;18;4;24.8;3626
1594437638369;369;42;18;3;24.8;3629
1594437940073;371;42;19;3;24.8;3629
1594438237553;365;42;21;3;24.8;3631
1594438538757;373;42;22;3;24.8;3626
1594438845256;365;42;22;4;24.8;3629
1594439151070;370;42;22;4;24.8;3629
1594439447026;367;42;22;4;24.9;3626
1594439755195;357;42;23;4;24.8;3629
1594440047408;373;42;29;4;24.9;3629
1594440350233;367;42;33;3;24.9;3629
1594440642344;367;42;37;3;24.9;3629
1594440938404;367;42;38;3;24.9;3629
1594441245096;366;42;39;3;24.9;3629
1594441556408;370;43;43;3;24.9;3629
1594441847792;366;42;47;4;24.9;3629
1594442144000;372;42;51;4;24.9;3629
1594442444926;370;42;51;4;24.9;3629
1594442740232;365;42;51;5;24.9;3629
1594443044122;367;42;52;4;24.9;3626
1594443344661;373;43;51;4;25;3629
1594443638252;370;42;43;4;25;3631
1594443937260;362;42;42;4;24.9;3629
1594444242771;378;42;52;4;25;3629
1594444543149;360;43;56;4;25;3629
1594444837270;380;43;51;4;25;3629
1594445142033;367;43;58;4;25;3629
1594445444393;367;43;61;4;25;3631
1594445738130;365;43;56;4;25;3629
1594446039765;361;43;55;4;25.1;3631
1594446339966;362;43;43;4;25;3629
1594446637577;374;43;38;4;25.1;3629
1594446940255;371;43;38;4;25.1;3629
1594447237100;368;43;36;4;25.1;3629
1594447538353;371;43;33;4;25.1;3629
1594447839221;353;43;28;4;25.1;3629
1594448140828;373;43;25;4;25.1;3631
1594448438580;363;43;24;4;25;3629
1594448738387;363;43;24;4;25.1;3629
1594449037990;354;43;23;4;25.1;3629
1594449338137;362;43;22;4;25.1;3629
1594449643474;361;43;22;4;25.1;3629
1594449936981;365;43;22;4;25.1;3629
1594450258260;361;43;22;4;25.1;3629
1594450538228;360;43;22;4;25.1;3629
1594450842958;372;43;22;3;25;3629
1594451138379;358;43;22;3;25.1;3631
1594451443629;372;43;22;3;25.1;3629
1594451742894;363;43;23;3;25;3629
1594452043512;360;43;23;4;25.1;3631
1594452340061;361;43;25;4;25;3631
1594452642954;367;44;31;4;25.1;3629
1594452937177;363;44;41;4;25.1;3631
1594453257727;360;44;70;3;25.1;3631
1594453536735;364;44;83;3;25.1;3629
1594453839090;359;44;81;3;25.1;3631
1594454138002;375;44;82;3;25.2;3629
1594454447735;361;44;71;3;25.2;3629
1594454744904;363;44;61;4;25.2;3631
1594455037568;353;44;70;4;25.2;3629
1594455337674;361;44;72;4;25.2;3629
1594455646925;365;44;95;4;25.3;3629
1594455936588;361;44;108;4;25.2;3629
1594456236650;363;44;112;4;25.3;3631
1594456537260;357;44;101;4;25.3;3631
1594456838409;357;44;114;4;25.4;3631
1594457139248;359;44;111;4;25.4;3629
1594457438604;360;44;97;4;25.4;3629
1594457737562;359;44;77;4;25.5;3629
1594458037932;356;44;79;4;25.4;3629
1594458339869;360;44;105;4;25.4;3629
1594458639343;350;44;118;4;25.5;3629
1594458939269;359;44;112;4;25.5;3629
1594459238070;367;44;97;4;25.5;3631
1594459537205;366;44;94;4;25.5;3629
1594459839374;354;44;76;4;25.6;3631
1594460144890;354;44;71;4;25.5;3629
1594460443004;358;44;61;4;25.6;3631
1594460738027;362;44;59;4;25.6;3631
1594461047298;347;44;59;4;25.6;3629
1594461338830;370;44;60;4;25.6;3631
1594461638925;357;44;62;4;25.6;3631
1594461937973;359;44;65;4;25.6;3631
1594462243757;346;44;68;4;25.6;3631
1594462542600;365;45;70;4;25.6;3631
1594462837522;360;45;72;4;25.6;3629
1594463154696;354;45;73;4;25.6;3629
1594463445849;358;45;76;4;25.7;3631
1594463740383;364;45;76;3;25.7;3629
1594464036452;368;45;77;3;25.6;3629
1594464340658;364;45;77;3;25.7;3631
1594464644039;364;45;77;3;25.7;3631
1594465252468;355;45;77;4;25.8;3631
1594465545969;356;45;80;4;25.7;3631
1594465847556;358;45;80;4;25.8;3631
1594466153241;358;45;81;4;25.8;3631
1594466454527;353;45;85;3;25.8;3631
1594466743988;351;45;91;3;25.8;3631
1594467061310;364;45;98;3;25.8;3629
1594467336248;349;45;108;3;25.8;3631
1594467951511;357;45;131;4;25.8;3631
1594468252262;358;45;139;4;25.8;3631
1594468545189;344;45;148;4;25.8;3629
1594468847276;359;45;166;4;25.9;3631
1594469144631;352;45;179;4;25.9;3631
1594469455819;345;45;200;4;26;3631
1594469737957;353;45;212;4;26;3629
1594470044750;353;45;225;4;26.1;3631
1594470339654;346;45;237;4;26.1;3631
1594470637170;351;45;253;4;26.1;3629
1594470940432;344;45;283;4;26.2;3631
1594471248043;343;45;291;4;26.2;3629
1594471543892;356;45;301;4;26.3;3631
1594471838190;348;45;283;4;26.4;3631
1594472136023;338;45;338;4;26.5;3631
1594472440249;357;45;359;4;26.5;3629
1594472737433;345;45;376;4;26.5;3631
1594473044745;349;45;387;4;26.6;3631
1594473337877;351;45;412;4;26.7;3631
1594473639427;352;45;423;4;26.7;3631
1594473940297;354;44;438;4;26.8;3631
1594474236676;351;44;441;4;26.8;3631
1594474540615;360;44;460;4;26.9;3629
1594474837562;348;44;477;4;27;3631
1594475138589;353;44;860;4;27;3631
1594475445865;363;44;521;4;27.1;3631
1594475737236;345;44;802;4;27.2;3631
1594476037234;347;44;537;4;27.2;3631
1594476336751;355;44;538;4;27.4;3631
1594476638597;351;44;603;4;27.4;3631
1594476938569;354;44;556;3;27.5;3631
1594477238237;349;44;558;3;27.6;3631
1594477536183;338;44;566;3;27.6;3631
1594477840493;347;44;579;3;27.7;3631
1594478147336;338;43;580;3;27.7;3631
1594478453662;333;43;582;4;27.8;3631
1594478738224;340;43;578;4;27.9;3631
1594479042189;341;43;558;4;27.9;3631
1594479345867;355;43;653;4;27.9;3631
1594479641790;347;43;562;3;28;3631
1594479936131;350;43;558;3;28.1;3631
1594480239000;349;43;557;3;28.1;3631
1594480538778;350;43;527;3;28.2;3631
1594480838990;340;43;486;3;28.2;3631
1594481147007;344;43;468;4;28.2;3631
1594481443701;351;43;419;4;28.3;3634
1594481747688;345;43;379;4;28.3;3631
1594482049819;354;43;227;4;28.2;3631
1594482347527;348;43;125;4;28.2;3631
1594482651102;346;43;76;4;28.1;3631
1594482945997;346;43;53;4;28;3634
1594483243933;340;43;37;4;28;3631
1594483537913;345;43;35;4;27.9;3631
1594483843364;352;43;35;4;27.8;3634
1594484135360;347;43;31;4;27.8;3634
1594484457089;352;44;27;4;27.7;3634
1594484735806;351;44;25;4;27.6;3631
1594485042381;344;44;24;4;27.6;3631
1594485340062;357;44;22;4;27.5;3631
1594485643923;351;44;20;4;27.5;3634
1594485937433;348;44;18;4;27.4;3634
1594486237876;351;44;16;4;27.3;3631
1594486541000;350;44;13;4;27.3;3631
1594486842736;354;44;10;4;27.2;3631
1594487138031;347;44;8;4;27.2;3634
1594487435105;357;45;6;4;27.1;3631
1594487736831;347;45;5;4;27.1;3631
1594488052080;355;45;4;4;27;3631
1594488335431;346;45;3;4;27;3631
1594488644041;362;45;2;4;27;3631
1594488941001;351;45;2;4;26.9;3631
1594489242291;354;45;1;4;26.9;3631
1594489540413;353;45;1;4;26.9;3631
1594489839810;357;45;1;4;26.9;3631
1594490137631;355;45;1;3;26.8;3631
1594490443139;352;46;1;3;26.8;3631
1594490740963;366;46;1;3;26.7;3631
1594491039565;345;46;1;3;26.7;3631
1594491347138;350;46;1;4;26.7;3631
1594491655687;358;46;1;4;26.7;3631
1594491944312;358;46;1;4;26.7;3631
1594492240167;354;46;1;4;26.6;3631
1594492536727;358;46;1;4;26.6;3631
1594492848066;354;46;1;3;26.6;3631
1594493135143;360;46;1;3;26.5;3631
1594493445968;358;46;1;3;26.6;3631
1594493736087;351;46;1;3;26.5;3631
1594494041856;361;46;1;4;26.5;3631
1594494346984;350;46;1;4;26.5;3631
1594494645706;354;47;1;4;26.5;3631
1594494936991;360;46;1;4;26.4;3631
1594495249588;358;47;1;4;26.4;3631
1594495537763;357;47;1;4;26.4;3631
1594495839541;359;47;1;4;26.4;3634
1594496134911;352;47;1;4;26.3;3631
1594496442596;358;47;1;4;26.4;3631
1594496739503;353;47;1;4;26.3;3631
1594497041592;352;47;1;4;26.3;3631
1594497336338;358;47;1;4;26.3;3631
1594497640555;351;47;1;4;26.3;3631
1594497939302;348;47;1;4;26.3;3631
1594498237631;364;47;1;4;26.3;3631
1594498536362;365;47;1;4;26.3;3631
1594498842391;346;47;1;4;26.3;3631
1594499138334;361;47;1;4;26.2;3631
1594499444964;359;48;1;4;26.2;3631
1594499737500;360;48;1;4;26.2;3631
1594500037107;369;48;1;4;26.2;3631
1594500339307;354;48;1;4;26.2;3631
1594500636590;350;48;1;4;26.2;3634
1594500938585;361;48;1;4;26.2;3631
1594501236819;353;48;1;4;26.1;3631
1594501537231;360;48;1;4;26.1;3631
1594501838899;367;48;1;4;26.1;3631
1594502136283;359;48;1;4;26.1;3631
1594502447936;369;48;1;4;26.1;3631
1594502741386;362;48;1;4;26.1;3631
1594503039971;362;48;1;3;26.1;3631
1594503340284;360;48;1;3;26.1;3631
1594503636307;357;48;1;3;26.1;3631
1594503935625;353;49;1;3;26.1;3631
1594504246359;360;49;1;3;26.1;3631
1594504545431;355;49;1;4;26.1;3631
1594504843046;357;49;1;4;26;3631
1594505139741;361;49;1;4;26.1;3631
1594505451004;366;49;1;4;26.1;3631
1594505738176;362;49;1;3;26.1;3631
1594506050443;370;49;1;3;26;3631
1594506335981;358;49;1;3;26;3631
1594506648397;357;49;1;3;26;3631
1594506943078;365;49;1;3;26;3631
1594507248758;361;49;1;4;26;3631
1594507539514;369;49;1;4;26;3631
1594507837000;364;49;1;4;26;3631
1594508135111;360;49;1;4;26;3631
1594508446017;360;49;1;4;25.9;3631
1594508743838;367;49;1;4;26;3631
1594509049357;360;49;1;4;26;3631
1594509343388;364;49;1;4;25.9;3631
1594509637385;362;49;1;4;25.9;3631
1594509937015;359;49;1;4;25.9;3631
1594510238087;357;50;1;4;25.9;3631
1594510538899;372;50;1;4;25.9;3631
1594510839007;362;50;1;4;25.9;3631
1594511139689;362;50;1;4;25.8;3631
1594511440639;368;50;1;4;25.9;3631
1594511738137;368;50;1;4;25.9;3631
1594512038703;367;50;1;4;25.9;3631
1594512337103;359;50;1;4;25.9;3631
1594512638295;361;50;1;4;25.8;3631
1594512940271;363;50;1;4;25.8;3631
1594513235914;361;50;1;4;25.8;3631
1594513534303;357;50;1;4;25.8;3631
1594513834780;364;50;1;4;25.8;3631
1594514139587;366;50;1;4;25.8;3631
1594514439225;365;50;1;4;25.8;3631
1594514737679;364;50;1;4;25.8;3631
1594515039458;358;50;1;4;25.8;3631
1594515340907;366;50;1;4;25.8;3631
1594515637879;369;50;1;4;25.8;3629
1594515943659;368;50;1;4;25.8;3631
1594516234371;362;50;2;3;25.8;3631
1594516542400;377;50;2;3;25.8;3631
1594516842623;363;50;2;3;25.8;3631
1594517135931;355;50;2;3;25.8;3631
1594517754922;368;50;3;4;25.8;3631
1594518045206;371;50;4;4;25.8;3631
1594518346001;363;50;5;4;25.8;3631
1594518657836;361;50;5;4;25.8;3631
1594518948052;361;50;6;3;25.7;3631
1594519234378;367;50;7;3;25.8;3631
1594519536823;370;50;8;3;25.8;3631
1594519847743;379;50;9;3;25.8;3631
1594520445283;366;50;11;4;25.8;3631
1594520744490;375;50;13;4;25.7;3631
1594521054389;374;50;15;4;25.8;3631
1594521338027;363;50;17;4;25.8;3631
1594521644380;355;50;18;4;25.8;3631
1594521940166;366;50;18;4;25.8;3631
1594522245611;364;50;18;4;25.8;3631
1594522535484;359;50;18;4;25.8;3631
1594522854387;371;50;18;4;25.8;3629
1594523138090;368;50;18;4;25.8;3631
1594523437587;372;50;20;4;25.8;3631
1594523738468;377;50;24;4;25.8;3631
1594524039807;364;51;22;4;25.8;3631
1594524338411;362;51;20;4;25.8;3631
1594524638495;376;51;20;4;25.8;3631
1594524937203;371;51;21;4;25.8;3631
1594525237811;365;51;21;4;25.9;3631
1594525537167;363;51;21;4;25.9;3631
1594525834603;370;51;22;4;25.9;3631
1594526139343;370;51;22;4;25.9;3631
1594526447915;368;51;22;4;25.8;3631
1594526744624;370;51;22;4;25.9;3631
1594527038802;377;51;22;4;25.9;3631
1594527335997;373;51;23;4;25.8;3631
1594527640207;356;51;23;4;25.9;3631
1594527963665;372;51;23;4;25.8;3631
1594528238831;371;51;23;4;25.9;3631
1594528539463;359;51;24;4;25.8;3631
1594528838163;364;51;24;4;25.9;3631
1594529139175;369;51;25;4;25.9;3631
1594529436659;369;51;25;3;25.9;3631
1594529737915;363;51;25;3;25.9;3631
1594530039159;369;51;25;3;25.9;3631
1594530335851;369;51;25;3;25.8;3631
1594530644334;363;51;25;4;25.9;3631
1594530947745;370;51;26;4;25.9;3631
1594531247527;362;51;25;4;25.9;3631
1594531539753;367;51;26;4;25.9;3631
1594531842119;363;51;26;4;25.9;3631
1594532137447;371;51;26;3;25.9;3631
1594532452104;369;51;27;3;25.9;3631
1594532735831;359;51;27;3;25.9;3629
1594533046007;371;51;26;3;25.9;3631
1594533341986;363;51;27;3;25.9;3631
1594533643339;357;51;27;4;25.9;3629
1594533937863;370;51;27;4;25.9;3631
1594534246749;369;51;33;4;25.9;3631
1594534542604;366;51;58;4;25.9;3631
1594534835650;366;51;58;4;25.9;3631
1594535138111;363;51;38;4;25.9;3629
1594535452738;379;51;39;4;25.9;3634
1594535734259;378;51;53;4;25.9;3631
1594536037675;376;51;57;4;26;3631
1594536339933;361;51;57;4;26;3631
1594536653031;371;51;48;4;26;3631
1594536937064;368;51;31;4;26;3631
1594537255669;364;51;28;4;26;3631
1594537536337;367;51;25;4;26;3631
1594537835379;372;51;32;4;26;3631
1594538135505;365;51;32;4;26;3631
1594538432575;373;51;37;4;26;3631
1594538735915;368;51;37;4;26;3631
1594539044936;362;51;40;4;26;3631
1594539340375;363;51;39;4;26.1;3631
1594539637524;369;51;38;4;26;3631
1594539933503;369;51;34;4;26.1;3629
1594540234671;366;51;33;4;26.1;3631
1594540538283;364;51;32;4;26;3631
1594540837620;363;51;32;4;26.1;3631
1594541136631;369;51;32;4;26.1;3631
1594541437922;369;51;32;4;26;3631
1594541735375;375;51;32;4;26.1;3631
1594542035645;366;51;33;4;26.1;3631
1594542339787;365;51;33;3;26;3631
1594542635207;370;51;34;3;26.1;3631
1594542933859;355;51;36;3;26.1;3631
1594543239495;372;51;37;3;26.1;3631
1594543535051;365;51;39;3;26.1;3631
1594543848755;367;51;41;4;26.1;3631
1594544154636;367;51;42;4;26.1;3631
1594544437031;366;51;48;4;26.2;3631
1594544737078;360;51;56;4;26.1;3631
1594545038401;369;51;55;3;26.2;3631
1594545335480;369;51;66;3;26.1;3631
1594545641182;367;51;85;3;26.1;3631
1594545934003;366;51;76;3;26.2;3631
1594546242987;365;51;86;3;26.2;3631
1594546551099;377;51;92;4;26.2;3631
1594546856675;363;51;76;4;26.3;3631
1594547137595;370;51;99;4;26.2;3631
1594547445453;367;51;64;4;26.3;3631
1594547733711;369;51;92;4;26.3;3631
1594548036813;364;51;78;4;26.3;3631
1594548335519;369;51;78;4;26.3;3631
1594548634959;360;51;82;4;26.3;3631
1594548934979;361;51;56;4;26.3;3631
1594549235884;354;51;100;4;26.4;3631
1594549533640;370;51;93;4;26.4;3631
1594549835603;363;51;96;4;26.4;3631
1594550133379;378;51;94;4;26.4;3631
1594550452222;362;51;100;4;26.4;3631
1594550734907;367;51;74;4;26.5;3631
1594551035907;364;51;84;4;26.5;3631
1594551339357;368;51;81;4;26.5;3631
1594551642089;367;51;84;4;26.5;3631
1594551935886;364;51;82;4;26.5;3631
1594552234163;361;51;87;4;26.6;3631
1594552536220;365;51;105;4;26.5;3631
1594552832543;358;51;85;4;26.6;3631
1594553135771;357;51;114;4;26.6;3631
1594553442645;357;51;126;4;26.6;3634
1594553739546;366;51;143;4;26.6;3631
1594554036669;364;50;88;4;26.6;3631
1594554333264;356;50;178;4;26.7;3631
1594554637758;357;50;174;4;26.7;3631
1594554937427;368;50;192;4;26.7;3631
1594555233987;368;50;207;4;26.8;3631
1594555537003;363;50;185;3;26.8;3631
1594555837352;366;50;190;3;26.8;3634
1594556149489;363;50;124;3;26.9;3631
1594556439339;360;50;224;3;26.9;3631
1594556756905;370;50;141;3;26.9;3631
1594557039542;370;50;245;4;26.9;3631
1594557340036;368;50;244;4;27;3631
1594557635899;360;50;231;4;27;3631
1594557933415;360;50;356;4;27;3631
1594558235555;358;49;365;3;27.1;3631
1594558532763;361;49;374;3;27.2;3631
1594558835719;363;49;402;3;27.3;3634
1594559143538;367;49;407;3;27.3;3631
1594559440843;359;49;414;3;27.4;3631
1594559742339;358;49;58;4;27.4;3631
1594560033660;360;49;34;4;27.4;3631
1594560339628;360;49;33;4;27.4;3631
1594560635395;360;49;112;4;27.4;3631
1594560935783;349;49;101;4;27.4;3634
1594561234039;362;49;119;4;27.4;3634
1594561533975;363;49;749;4;27.4;3631
1594561840307;362;49;537;4;27.4;3631
1594562133715;351;49;922;4;27.6;3631
1594562439400;363;49;514;4;27.6;3631
1594562733631;364;49;536;4;27.7;3634
1594563036089;355;49;662;4;27.8;3631
1594563332547;354;48;558;4;27.9;3631
1594563635301;351;48;594;4;28;3634
1594563935091;356;48;614;4;28;3634
1594564234193;356;48;597;4;28;3634
1594564534067;352;48;605;4;28.1;3631
1594564833423;365;48;640;4;28.2;3631
1594565134032;365;48;167;4;28.3;3631
1594565434499;350;48;558;4;28.3;3631
1594565732231;363;48;91;4;28.3;3631
1594566033411;350;48;78;4;28.3;3634
1594566332507;360;48;75;4;28.2;3634
1594566633749;356;48;189;4;28.2;3634
1594566935355;353;48;100;4;28.2;3631
1594567233443;364;48;319;4;28.1;3634
1594567535792;358;48;138;4;28.1;3637
1594567832539;350;48;61;4;28.1;3634
1594568135718;370;48;127;4;28;3631
1594568435783;361;48;49;4;28;3631
1594568735765;359;48;29;3;27.9;3634
1594569032712;359;49;24;3;27.9;3634
1594569332993;361;49;23;3;27.8;3634
1594569631636;357;49;20;3;27.8;3634
1594569932871;360;49;13;3;27.7;3634
1594570240128;353;49;12;4;27.6;3631
1594570536503;352;49;10;4;27.6;3634
1594570847346;366;49;7;4;27.6;3634
1594571131148;353;49;5;4;27.5;3634
1594571431748;358;50;6;3;27.5;3631
1594571731048;352;50;7;3;27.4;3634
1594572033233;359;50;7;3;27.3;3634
1594572338251;357;50;5;3;27.3;3634
1594572637148;359;50;4;3;27.3;3631
1594572943041;361;50;4;4;27.2;3631
1594573232067;351;51;3;4;27.2;3634
1594573533511;354;51;3;4;27.2;3631
1594573868078;361;51;3;4;27.2;3634
1594574130513;360;51;3;4;27.1;3631
1594574430264;359;51;2;4;27;3634
1594574730544;348;51;2;4;27;3637
1594575049273;349;51;2;4;27;3631
1594575332071;355;51;2;4;27;3631
1594575632951;362;51;2;4;26.9;3631
1594575931447;355;51;2;4;26.9;3631
1594576235639;369;51;2;4;26.9;3634
1594576534447;360;51;2;4;26.9;3631
1594576834119;357;52;2;4;26.8;3631
1594577132673;365;52;1;4;26.8;3631
1594577432811;359;52;1;4;26.8;3634
1594577733878;357;52;1;4;26.7;3631
1594578031735;366;52;1;4;26.8;3634
1594578334655;364;52;1;4;26.7;3631
1594578631712;359;52;1;4;26.7;3631
1594578932183;362;52;1;4;26.6;3631
1594579230387;368;52;1;4;26.6;3631
1594579534655;359;52;1;4;26.6;3631
1594579831331;354;52;1;4;26.6;3631
1594580134231;364;52;1;4;26.5;3631
1594580430224;355;52;1;4;26.5;3631
1594580731718;354;52;1;4;26.5;3634
1594581034293;362;52;1;4;26.5;3631
1594581332235;355;52;1;4;26.5;3631
1594581633463;358;52;1;4;26.5;3631
1594581930071;363;52;1;3;26.4;3634
1594582232883;366;52;1;3;26.4;3631
1594582531632;362;52;1;3;26.5;3631
1594582834871;364;51;1;3;26.4;3631
1594583134475;356;52;1;4;26.4;3631
1594583435803;362;51;1;4;26.4;3631
1594583745342;360;52;1;4;26.4;3631
1594584034083;355;51;1;4;26.3;3631
1594584333712;351;51;1;4;26.3;3631
1594584630030;356;51;1;3;26.3;3634
1594584930029;363;51;1;3;26.3;3634
1594585231163;360;51;1;3;26.3;3631
1594585533285;359;51;1;3;26.3;3631
1594585835901;353;51;1;4;26.2;3631
1594586139379;366;51;1;4;26.2;3634
1594586438594;354;51;1;4;26.3;3631
1594586733067;364;51;1;4;26.2;3631
1594587053048;362;51;1;4;26.2;3631
1594587332307;357;51;1;4;26.2;3631
1594587653780;360;51;1;4;26.1;3631
1594587932631;359;51;1;4;26.1;3631
1594588236963;356;51;1;4;26.1;3631
1594588531262;357;51;1;4;26.2;3631
1594588832417;360;51;1;4;26.1;3631
1594589133143;363;50;1;4;26.1;3631
1594589431834;362;50;1;4;26.1;3631
1594589733383;359;50;1;4;26.1;3631
1594590051883;354;50;1;4;26.1;3631
1594590332459;359;50;1;4;26.1;3631
1594590633763;359;50;1;4;26;3631
1594590930617;362;50;1;4;26.1;3631
1594591230940;360;50;1;4;26;3631
1594591531636;355;50;1;4;26;3631
1594591830338;360;50;1;4;26;3631
1594592129705;349;50;1;4;26;3631
1594592432391;359;50;1;4;26;3631
1594592733448;356;50;1;4;26;3631
1594593031006;362;50;1;4;26;3631
1594593333880;356;50;1;4;26;3631
1594593633159;351;50;1;4;26;3631
1594593934243;361;50;1;4;26;3631
1594594236130;359;50;1;4;25.9;3631
1594594535205;357;50;1;4;26;3631
1594594831269;347;50;1;3;25.9;3631
1594595131238;365;50;1;3;25.9;3631
1594595433998;369;50;1;3;25.9;3631
1594595729521;358;50;1;3;25.9;3631
1594596039429;359;50;1;3;25.9;3631
1594596336833;360;50;1;4;25.9;3631
1594596630181;359;50;1;4;25.9;3634
1594596930254;352;50;1;4;25.9;3631
1594597230601;356;50;1;4;25.8;3631
1594597531311;365;49;1;3;25.8;3631
1594597834547;360;49;1;3;25.8;3631
1594598132499;363;49;1;3;25.9;3631
1594598430894;361;49;1;3;25.8;3631
1594598733787;350;49;1;3;25.8;3631
1594599033439;360;49;1;4;25.8;3631
1594599349209;353;49;1;4;25.8;3631
1594599635945;366;49;1;4;25.8;3631
1594599931025;357;49;1;4;25.8;3631
1594600231052;357;49;1;4;25.8;3631
1594600533332;355;49;1;4;25.8;3631
1594600829134;368;49;1;4;25.8;3631
1594601130589;354;49;1;4;25.8;3631
1594601429985;364;49;1;4;25.8;3631
1594601732567;355;49;1;4;25.8;3631
1594602029559;353;49;1;4;25.8;3631
1594602330087;360;49;1;4;25.8;3631
1594602636062;358;49;1;4;25.7;3631
1594602931222;360;49;1;4;25.8;3631
1594603230389;364;49;1;4;25.7;3631
1594603529918;358;49;1;4;25.7;3631
1594603829387;358;49;1;4;25.7;3631
1594604143191;363;49;2;4;25.7;3631
1594604429736;354;49;2;4;25.7;3631
1594604730169;358;49;2;4;25.7;3631
1594605029384;362;49;2;4;25.7;3631
1594605331954;354;49;3;4;25.7;3631
1594605630015;347;49;3;4;25.7;3631
1594605931217;360;49;2;4;25.6;3631
1594606230400;358;49;3;4;25.6;3631
1594606530671;355;49;3;4;25.6;3631
1594606829040;360;49;3;4;25.7;3631
1594607130572;361;49;4;4;25.6;3631
1594607430790;354;49;4;4;25.6;3631
1594607730138;365;49;4;4;25.6;3631
1594608028938;360;49;5;3;25.6;3631
1594608330136;361;49;6;3;25.6;3631
1594608629667;354;49;9;3;25.6;3631
1594608928737;369;49;9;3;25.6;3631
1594609241166;358;49;9;3;25.6;3631
1594609533187;355;49;13;4;25.6;3631
1594609834271;366;49;20;4;25.5;3631
1594610133419;352;49;13;4;25.6;3631
1594610437837;364;49;14;4;25.6;3631
1594610730737;353;49;15;3;25.6;3631
1594611040472;362;49;15;3;25.7;3631
1594611328839;359;49;15;3;25.6;3631
1594611628916;360;49;13;3;25.7;3631
1594612228444;359;49;15;4;25.7;3631
1594612536631;366;49;15;4;25.6;3634
1594612836118;358;48;17;4;25.6;3631
1594613128736;360;48;17;4;25.7;3631
1594613429937;359;48;20;4;25.6;3631
1594613729418;369;49;22;4;25.6;3631
1594614036919;368;48;23;4;25.7;3631
1594614330346;360;48;25;4;25.7;3631
1594614630266;365;48;38;4;25.7;3631
1594614928520;363;48;38;4;25.8;3631
1594615230076;364;48;35;4;25.7;3631
1594615529349;364;48;33;4;25.7;3631
1594615830058;354;48;38;4;25.7;3631
1594616128590;361;48;41;4;25.7;3634
1594616430531;357;48;47;4;25.7;3634
1594616734519;362;48;51;4;25.7;3631
1594617029186;363;48;54;4;25.8;3631
1594617332182;368;48;55;4;25.8;3631
1594617629270;365;48;58;4;25.8;3631
1594617930288;359;48;57;4;25.8;3631
1594618228562;363;48;59;4;25.8;3631
1594618531090;361;48;60;4;25.8;3631
1594618828451;364;48;57;4;25.8;3631
1594619129624;364;48;58;4;25.8;3634
1594619429878;360;48;64;4;25.9;3631
1594619728901;356;48;62;4;25.9;3631
1594620032053;368;48;62;4;25.8;3631
1594620329001;356;48;53;4;25.9;3631
1594620629927;372;48;53;4;25.9;3631
1594620929589;365;48;46;4;25.9;3631
1594621229980;368;48;49;3;25.9;3631
1594621529779;362;48;59;3;25.9;3631
1594621829557;361;48;60;3;25.9;3631
1594622133279;372;48;39;3;25.9;3634
1594622438800;362;48;43;4;25.9;3631
1594622734494;379;48;50;4;25.9;3631
1594623033271;370;48;66;4;25.9;3631
1594623332599;351;48;68;4;25.9;3631
1594623628165;368;48;64;4;25.9;3631
1594623930197;363;48;47;3;25.9;3631
1594624229027;362;48;45;3;25.9;3631
1594624529306;362;48;38;3;25.9;3631
1594624837756;381;48;34;3;25.9;3634
1594625135607;361;48;32;3;25.9;3631
1594625432847;369;48;34;4;25.9;3631
1594625733025;363;48;34;4;25.9;3631
1594626030449;380;48;32;4;25.9;3631
1594626329695;378;48;40;4;25.9;3631
1594626628161;359;48;53;4;25.9;3631
1594626928984;371;48;62;4;25.9;3631
1594627235391;364;48;66;4;25.9;3631
1594627530794;354;48;65;4;26;3631
1594627837767;377;48;74;4;25.9;3631
1594628130741;378;48;82;4;25.9;3634
1594628428546;368;48;85;4;26;3631
1594628728978;369;48;92;4;26;3631
1594629029189;365;48;87;4;26;3631
1594629328401;373;48;76;4;26;3634
1594629628974;370;48;71;4;26;3631
1594629929149;370;48;65;4;26;3631
1594630230590;374;48;80;4;26.1;3631
1594630529589;366;48;89;4;26.1;3631
1594630827935;362;48;76;4;26.1;3631
1594631132124;370;48;89;4;26.1;3634
1594631428121;365;48;91;4;26.1;3631
1594631729185;373;48;81;4;26.2;3631
1594632028832;376;48;88;4;26.1;3631
1594632331846;376;48;95;4;26.2;3631
1594632628990;364;48;76;4;26.2;3631
1594632931607;374;48;78;4;26.2;3631
1594633227982;365;48;83;4;26.2;3631
1594633529750;371;48;87;4;26.3;3631
1594633827810;360;48;77;4;26.3;3631
1594634129731;366;48;97;3;26.3;3634
1594634429019;368;48;79;3;26.3;3634
1594634731694;361;48;102;3;26.2;3631
1594635029431;385;48;108;3;26.3;3631
1594635333055;372;48;127;3;26.3;3631
1594635637660;369;48;128;4;26.4;3631
1594635936628;367;48;131;4;26.4;3631
1594636237276;370;48;133;4;26.3;3631
1594636529424;368;48;123;4;26.4;3631
1594636827710;372;48;105;3;26.4;3631
1594637127631;372;48;113;3;26.5;3634
1594637427231;363;48;128;3;26.5;3631
1594637727758;370;48;118;3;26.5;3631
1594638028907;367;48;126;3;26.5;3631
1594638329741;368;48;105;4;26.5;3631
1594638632687;364;48;87;4;26.5;3634
1594638934651;372;48;88;4;26.6;3631
1594639229840;373;48;134;4;26.6;3634
1594639530210;369;48;109;4;26.6;3631
1594639829768;366;48;102;4;26.6;3631
1594640129388;373;48;105;4;26.6;3634
1594640428468;374;48;94;4;26.6;3631
1594640729740;366;48;89;4;26.6;3631
1594641036212;371;48;90;4;26.6;3631
1594641327529;372;48;76;4;26.6;3634
1594641636466;370;48;81;4;26.6;3631
1594641928788;363;48;99;4;26.6;3631
1594642228947;373;48;89;4;26.6;3631
1594642528448;366;48;81;4;26.6;3634
1594642831177;360;48;75;4;26.6;3631
1594643129729;364;48;65;4;26.6;3631
1594643430347;371;48;72;4;26.6;3631
1594643729108;368;48;120;4;26.6;3634
1594644030304;364;48;128;4;26.7;3631
1594644327060;366;48;95;4;26.6;3631
1594644628473;376;48;109;4;26.7;3634
1594644927072;364;48;104;4;26.7;3634
1594645228252;359;48;96;4;26.7;3631
1594645529790;364;48;83;4;26.7;3631
1594645830416;380;48;67;4;26.6;3634
1594646128065;360;49;63;4;26.7;3631
1594646427117;368;49;57;4;26.7;3634
1594646727184;368;49;54;4;26.7;3631
1594647027047;361;49;54;4;26.7;3634
1594647330038;369;49;56;3;26.7;3631
1594647628070;363;49;55;3;26.7;3631
1594647928802;359;49;57;3;26.6;3634
1594648231045;365;49;62;3;26.6;3634
1594648540226;365;49;64;3;26.7;3634
1594648829991;358;49;62;4;26.6;3634
1594649131422;367;49;59;4;26.7;3631
1594649437075;349;49;51;4;26.6;3634
1594649727978;374;50;44;4;26.6;3634
1594650034192;365;50;32;3;26.6;3634
1594650329396;361;50;23;3;26.5;3631
1594650626827;366;50;19;3;26.6;3631
1594650942811;358;50;17;3;26.6;3631
1594651237994;363;50;16;3;26.6;3634
1594651529415;355;50;15;4;26.5;3631
1594651828049;354;50;15;4;26.5;3631
1594652137359;341;51;13;4;26.5;3634
1594652433971;358;51;13;4;26.5;3631
1594652734430;355;51;12;4;26.5;3634
1594653033631;351;51;11;4;26.4;3631
1594653332607;363;51;9;4;26.4;3631
1594653634951;351;51;7;4;26.4;3631
1594653927512;354;51;5;4;26.4;3634
1594654230638;355;52;4;4;26.4;3631
1594654532655;350;52;4;4;26.4;3634
1594654826864;344;52;5;4;26.3;3631
1594655129438;350;52;9;4;26.3;3634
1594655427770;339;52;8;4;26.3;3631
1594655730930;356;52;6;4;26.3;3634
1594656026707;355;52;6;4;26.2;3631
1594656330580;344;52;5;4;26.3;3634
1594656627372;351;52;4;4;26.2;3634
1594656929520;348;52;4;4;26.2;3634
1594657228578;351;52;3;4;26.2;3634
1594657526789;343;52;4;4;26.2;3634
1594657826384;345;52;4;4;26.2;3631
1594658126593;355;52;4;4;26.1;3634
1594658430154;352;52;4;4;26.1;3634
1594658727130;342;53;3;4;26.1;3631
1594659029789;336;53;3;4;26.2;3631
1594659326464;344;53;3;4;26.1;3631
1594659627990;334;53;3;4;26.1;3631
1594659927249;341;53;3;4;26.1;3634
1594660228789;347;53;2;4;26;3631
1594660527706;353;53;2;3;26.1;3631
1594660826676;344;53;1;3;26;3631
1594661130354;341;53;1;3;26.1;3634
1594661428671;343;53;1;3;26;3631
1594661733277;338;53;1;4;26;3637
1594662035000;344;53;1;4;26;3634
1594662334027;347;53;1;4;26;3631
1594662636835;346;53;1;4;25.9;3634
1594662929254;353;53;1;4;25.9;3631
1594663227054;348;53;1;3;26;3631
1594663529991;348;53;1;3;25.9;3631
1594663828602;352;53;1;3;25.9;3631
1594664138667;342;53;1;3;25.9;3631
1594664428904;340;53;1;3;25.9;3631
1594664738651;355;53;1;4;25.9;3631
1594665028621;351;53;1;4;25.9;3634
1594665327093;337;53;1;4;25.9;3634
1594665627197;338;53;1;4;25.9;3631
1594665926390;350;53;1;4;25.8;3631
1594666230761;348;54;1;4;25.8;3631
1594666527028;336;53;1;4;25.8;3634
1594666827673;343;53;1;4;25.8;3631
1594667134123;349;54;1;4;25.8;3631
1594667426590;352;53;1;4;25.7;3634
1594667726181;353;54;1;4;25.8;3631
1594668027957;345;54;1;4;25.7;3631
1594668327727;350;54;1;4;25.7;3631
1594668626915;342;54;1;4;25.7;3631
1594668926127;345;54;1;4;25.7;3631
1594669228269;352;54;1;4;25.6;3631
1594669530358;350;54;1;4;25.6;3631
1594669827560;348;54;1;4;25.6;3634
1594670129145;345;54;1;4;25.6;3631
1594670426142;348;54;1;4;25.6;3634
1594670727512;351;54;1;4;25.6;3631
1594671026031;344;54;1;4;25.5;3631
1594671326056;353;54;1;4;25.6;3631
1594671627710;355;54;1;4;25.5;3631
1594671927379;344;54;1;4;25.5;3634
1594672227050;355;54;1;4;25.5;3631
1594672527549;357;54;1;4;25.5;3631
1594672826734;339;54;1;4;25.5;3631
1594673128432;347;54;1;4;25.5;3631
1594673428603;355;54;1;4;25.4;3631
1594673728419;352;53;1;3;25.4;3634
