ts;co2;humidity;light;motion;temperature;vdd
1591722787235;455;65;10;0;21.7;3633
1591723177651;438;65;7;0;21.7;3633
1591723387216;454;65;5;0;21.7;3630
1591723687193;445;65;4;0;21.7;3630
1591723987182;451;65;3;0;21.7;3630
1591724287139;454;65;2;0;21.6;3633
1591724587129;449;65;1;0;21.6;3633
1591724887107;441;65;0;0;21.6;3633
1591725187105;445;65;0;0;21.6;3630
1591725487087;445;65;0;0;21.6;3630
1591725787061;445;65;0;0;21.6;3633
1591726087061;454;65;0;0;21.5;3633
1591726387001;441;66;0;0;21.6;3633
1591726687007;443;65;0;0;21.5;3630
1591726986986;444;66;0;0;21.5;3630
1591727286972;451;66;0;0;21.5;3630
1591727586972;441;66;0;0;21.5;3633
1591727886960;443;66;0;0;21.4;3633
1591728186938;441;66;0;0;21.4;3633
1591728486923;438;66;0;2;21.4;3633
1591728786879;442;66;0;0;21.4;3633
1591729086865;436;66;0;0;21.4;3630
1591729386834;444;66;0;0;21.4;3633
1591729686815;444;66;0;0;21.4;3630
1591729986818;454;66;0;0;21.4;3630
1591730286797;448;66;0;0;21.3;3630
1591730586787;440;66;0;0;21.3;3630
1591730886789;433;66;0;0;21.4;3630
1591731186752;440;66;0;0;21.3;3630
1591731486731;437;66;0;0;21.3;3630
1591731786719;443;66;0;0;21.3;3630
1591732086718;437;66;0;0;21.4;3633
1591732386683;443;66;0;0;21.3;3633
1591732686679;435;67;0;0;21.3;3630
1591732986671;443;67;0;0;21.3;3630
1591733286650;441;67;0;0;21.3;3630
1591733586611;438;67;0;0;21.2;3630
1591733886586;442;67;0;0;21.3;3633
1591734186595;436;67;0;0;21.3;3633
1591734486564;434;67;0;0;21.3;3630
1591734786555;439;67;0;0;21.3;3633
1591735086549;435;67;0;0;21.3;3630
1591735386534;435;67;0;0;21.2;3630
1591735686502;433;67;0;0;21.2;3630
1591735986474;439;67;0;0;21.2;3627
1591736286463;429;67;0;0;21.2;3630
1591736586445;439;67;0;0;21.2;3630
1591736886407;434;67;0;0;21.2;3630
1591737186429;433;67;0;0;21.2;3630
1591737486415;435;67;0;0;21.2;3630
1591737786379;429;67;0;0;21.1;3630
1591738086371;438;67;0;0;21.2;3630
1591738386360;431;67;0;0;21.1;3630
1591738686328;434;67;0;0;21.1;3630
1591738986305;430;67;0;0;21.2;3630
1591739286289;427;67;0;0;21.1;3630
1591739586272;442;67;0;0;21.1;3630
1591739886307;427;67;0;0;21.1;3630
1591740186254;435;67;0;0;21.1;3630
1591740486238;436;67;0;0;21.1;3630
1591740786198;434;67;0;0;21.1;3630
1591741086184;433;67;0;0;21.1;3627
1591741386165;434;67;0;0;21.2;3630
1591741686167;431;68;0;0;21.1;3630
1591741986149;424;68;0;0;21.1;3630
1591742286144;428;68;0;0;21;3630
1591742586123;434;68;0;0;21.1;3633
1591742886106;436;68;0;0;21.1;3630
1591743186071;431;68;0;0;21.1;3630
1591743486035;434;68;0;0;21.1;3627
1591743786038;434;68;0;0;21.1;3630
1591744086006;425;68;0;0;21;3630
1591744386014;419;68;0;0;21;3627
1591744686007;423;68;0;0;21.1;3630
1591744985981;434;68;0;0;21;3630
1591745285961;425;68;0;0;21;3630
1591745585933;432;68;0;0;21.1;3627
1591745885913;419;68;0;0;21;3630
1591746185900;429;68;0;0;21;3630
1591746485882;426;68;0;1;21;3630
1591746785880;415;68;0;0;21;3630
1591747085874;421;68;0;0;21;3630
1591747385857;433;68;0;0;21;3630
1591747685805;422;68;0;0;21;3630
1591747985800;426;68;0;0;20.9;3630
1591748285771;430;68;0;0;20.9;3627
1591748585765;424;68;0;0;20.9;3630
1591748885756;421;68;0;0;21;3630
1591749185733;430;68;0;0;20.9;3630
1591749485725;420;68;0;0;20.9;3630
1591749785710;422;68;0;0;20.9;3627
1591750085677;421;68;0;0;21;3630
1591750385678;426;68;0;0;20.9;3630
1591750685647;429;68;0;0;20.9;3630
1591750985645;424;68;1;0;20.9;3627
1591751285621;418;68;2;0;20.9;3630
1591751585591;429;68;3;0;20.9;3630
1591751885589;423;68;5;0;20.9;3630
1591752185575;428;68;10;0;20.9;3630
1591752485536;419;68;19;0;20.9;3627
1591752785523;423;68;30;0;20.9;3630
1591753085510;425;68;47;0;20.9;3633
1591753385489;418;68;89;0;20.9;3630
1591753685487;429;68;87;0;20.9;3630
1591753985457;428;68;122;0;21;3630
1591754285455;417;68;133;0;21;3630
1591754585441;418;68;213;0;21;3630
1591754885402;420;68;280;0;21;3630
1591755185381;415;68;331;0;21;3627
1591755485368;421;68;359;0;21.1;3630
1591755785356;424;68;381;0;21.2;3630
1591756085355;423;68;390;0;21.2;3630
1591756385327;417;68;401;0;21.3;3630
1591756685315;414;67;423;0;21.3;3630
1591756985299;419;67;465;0;21.4;3630
1591757285264;420;67;481;0;21.5;3630
1591757585246;426;67;491;0;21.5;3630
1591757885233;423;67;513;0;21.6;3630
1591758185213;415;67;523;0;21.6;3630
1591758485201;413;66;522;0;21.7;3630
1591758785199;424;66;530;0;21.8;3633
1591759085178;413;66;535;0;21.9;3627
1591759385173;423;66;541;0;21.9;3630
1591759685123;414;66;544;0;22;3633
1591759985112;412;65;539;0;22.1;3630
1591760285070;420;65;536;0;22.2;3630
1591760585075;419;65;534;0;22.2;3633
1591760885064;415;65;529;0;22.2;3627
1591761185061;418;65;527;0;22.4;3630
1591761485050;415;64;527;0;22.4;3633
1591761785031;418;64;528;0;22.5;3630
1591762084997;421;64;527;0;22.5;3633
1591762384977;425;64;518;0;22.6;3627
1591762684956;423;64;511;0;22.6;3630
1591762984944;420;63;495;0;22.7;3633
1591763284939;432;63;482;0;22.8;3633
1591763584931;423;63;468;0;22.7;3633
1591763884907;426;63;453;0;22.8;3630
1591764184887;418;63;437;0;22.9;3633
1591764484839;423;63;423;0;22.9;3633
1591764784834;418;63;401;0;22.9;3633
1591765084826;418;63;388;0;22.9;3630
1591765384799;417;63;377;0;23;3630
1591765684806;422;62;378;0;22.9;3633
1591765984789;413;62;364;0;23;3633
1591766284760;420;62;345;0;23;3633
1591766584761;429;62;323;0;23;3633
1591766884708;424;62;299;0;23;3633
1591767184699;421;62;283;0;23.1;3630
1591767484677;422;62;271;0;23;3633
1591767784674;422;62;257;0;23;3630
1591768084654;423;62;247;0;23;3633
1591768384643;422;62;238;0;23;3633
1591768684633;422;62;228;0;23.1;3633
1591768984598;429;62;222;0;23;3633
1591769284572;420;62;216;0;23.1;3633
1591769584563;431;62;212;0;23;3633
1591769884545;423;62;209;0;23;3633
1591770184542;431;62;209;0;23;3633
1591770484532;422;62;208;0;23;3633
1591770784504;430;62;209;0;23;3633
1591771084498;431;62;205;0;23;3633
1591771384467;430;62;203;0;22.9;3633
1591771684438;417;62;200;0;22.9;3630
1591771984422;429;62;199;0;22.9;3633
1591772284410;422;62;200;0;23;3633
1591772584410;432;62;200;0;22.9;3633
1591772884398;418;62;201;0;22.9;3633
1591773184386;433;62;202;0;22.9;3633
1591773484363;426;62;201;0;22.9;3633
1591773784325;431;62;201;0;22.9;3633
1591774084311;432;62;203;0;22.9;3633
1591774384288;427;62;208;0;22.9;3633
1591774684273;432;62;206;0;22.8;3633
1591774984273;440;62;203;0;22.8;3633
1591775284256;439;62;202;0;22.8;3633
1591775584247;432;62;202;0;22.9;3633
1591775884221;439;62;201;0;22.9;3633
1591776184173;438;62;201;0;22.8;3633
1591776484168;446;62;197;0;22.9;3630
1591776784143;436;62;196;0;22.8;3633
1591777084143;437;62;199;0;22.8;3633
1591777384129;448;62;198;0;22.8;3633
1591777684121;431;62;198;0;22.8;3633
1591777984098;444;62;199;0;22.8;3633
1591778284094;438;62;126;0;22.8;3633
1591778584082;447;62;114;0;22.7;3633
1591778884033;449;62;219;0;22.8;3633
1591779184022;438;62;214;0;22.8;3633
1591779484000;441;62;208;0;22.8;3633
1591779784008;444;62;206;0;22.7;3633
1591780083992;443;62;205;0;22.8;3633
1591780383968;453;62;204;0;22.8;3633
1591780683953;445;62;210;0;22.8;3633
1591780983911;449;62;212;0;22.8;3633
1591781283902;449;62;203;0;22.7;3633
1591781583902;453;62;210;0;22.8;3633
1591781883866;450;62;203;0;22.8;3633
1591782183849;447;62;214;0;22.8;3633
1591782483840;455;62;225;0;22.8;3633
1591782783811;455;62;170;0;22.8;3633
1591783083815;457;62;231;0;22.7;3633
1591783383777;450;62;233;0;22.8;3633
1591783683756;450;62;248;0;22.8;3633
1591783983725;455;62;214;0;22.8;3633
1591784283714;459;62;280;0;22.7;3633
1591784583738;447;63;239;0;22.8;3633
1591784883687;451;62;342;0;22.8;3633
1591785183694;453;62;252;0;22.9;3633
1591785483693;443;62;238;0;22.9;3633
1591785783660;457;62;194;0;22.9;3633
1591786083607;464;62;179;0;22.9;3633
1591786383610;451;62;207;0;22.9;3633
1591786683593;457;62;254;0;22.9;3633
1591786983590;466;62;275;0;22.9;3633
1591787283574;459;62;312;0;22.9;3633
1591787583558;464;62;273;0;22.9;3633
1591787883548;461;62;315;0;23;3633
1591788183500;459;62;312;0;23;3633
1591788483489;467;62;318;0;22.9;3633
1591788783473;461;62;343;0;23;3633
1591789083464;465;62;377;0;23;3633
1591789383464;460;62;239;0;23;3633
1591789683452;464;62;227;0;23.1;3633
1591789983406;462;62;153;0;23;3633
1591790283414;457;62;175;0;23;3633
1591790583370;458;62;113;0;23.1;3633
1591790883342;460;62;47;0;23.1;3633
1591791183341;460;62;25;0;23;3633
1591791483338;467;62;20;0;23;3633
1591791783332;465;62;14;0;23;3633
1591792083294;467;62;9;0;23;3633
1591792383283;470;62;7;0;22.9;3633
1591792683305;477;62;4;0;22.9;3633
1591792983234;468;62;1;0;22.9;3633
1591793283230;465;62;0;0;22.8;3633
1591793583208;459;62;0;0;22.8;3633
1591793883180;449;62;0;0;22.8;3633
1591794183188;459;62;0;0;22.8;3633
1591794483179;456;62;0;0;22.8;3633
1591794783153;453;63;0;0;22.7;3633
1591795083145;455;63;0;0;22.7;3633
1591795383087;449;63;0;0;22.7;3633
1591795683094;448;63;0;0;22.6;3633
1591795983064;448;63;0;0;22.6;3633
1591796283065;449;63;0;0;22.6;3633
1591796583058;448;63;0;0;22.6;3633
1591796883033;443;63;0;0;22.5;3633
1591797183012;443;64;0;0;22.5;3633
1591797482980;436;64;0;0;22.5;3633
1591797782971;437;64;0;0;22.4;3633
1591798082951;442;64;0;0;22.4;3633
1591798382932;445;64;0;0;22.4;3633
1591798682954;442;64;0;0;22.4;3633
1591798982912;436;64;0;0;22.3;3633
1591799282895;433;64;0;0;22.3;3633
1591799582887;454;64;0;0;22.2;3633
1591799882876;440;64;0;0;22.2;3633
1591800182814;444;64;0;0;22.3;3633
1591800482804;439;65;0;0;22.2;3633
1591800782778;439;65;0;0;22.2;3633
1591801082796;454;65;0;0;22.1;3633
1591801382787;441;65;0;0;22.1;3633
1591801682768;444;65;0;0;22.1;3630
1591801982747;437;65;0;0;22.1;3633
1591802282712;440;65;1;0;22.1;3633
1591802582699;438;65;1;0;22.1;3633
1591802882669;431;66;1;0;22;3633
1591803182653;438;66;1;0;22;3633
1591803482624;432;66;1;0;22;3633
1591803782644;439;66;2;0;22;3630
1591804082622;437;66;2;0;22;3633
1591804382617;435;67;3;0;21.9;3633
1591804682568;434;67;4;0;21.9;3630
1591804982555;429;67;5;0;21.9;3633
1591805282512;438;67;6;0;21.9;3633
1591805582524;437;67;7;0;21.9;3633
1591805882517;438;67;9;0;21.8;3633
1591806182500;443;67;10;0;21.9;3633
1591806482488;437;67;10;0;21.8;3633
1591806782476;442;67;11;0;21.8;3633
1591807082446;432;67;11;0;21.8;3633
1591807382413;439;67;10;0;21.8;3633
1591807682400;439;67;9;0;21.8;3633
1591807982378;440;67;8;0;21.8;3633
1591808282388;440;68;6;0;21.8;3633
1591808582366;438;68;4;0;21.7;3630
1591808882455;437;68;3;0;21.8;3633
1591809182333;439;68;2;0;21.8;3630
1591809482301;432;68;2;0;21.8;3633
1591809782276;443;68;1;0;21.8;3633
1591810082258;438;68;1;0;21.8;3630
1591810382251;427;68;1;0;21.8;3630
1591810682223;428;68;1;0;21.7;3633
1591810982232;446;68;1;0;21.7;3630
1591811282189;441;68;0;0;21.7;3633
1591811582199;426;68;0;0;21.7;3630
1591811882162;443;68;0;0;21.7;3630
1591812182141;438;68;0;0;21.6;3633
1591812482127;438;68;0;0;21.7;3633
1591812782118;433;68;0;0;21.7;3633
1591813082091;436;68;0;0;21.6;3630
1591813382098;434;68;0;0;21.6;3630
1591813682078;438;68;0;0;21.7;3630
1591813982062;440;69;0;0;21.6;3630
1591814282025;436;69;0;0;21.6;3633
1591814582008;434;69;0;0;21.6;3630
1591814881974;440;69;0;0;21.6;3633
1591815181990;436;69;0;0;21.5;3630
1591815481977;445;69;0;0;21.6;3633
1591815781964;443;69;0;0;21.6;3630
1591816081938;443;69;0;0;21.5;3633
1591816381903;440;69;0;0;21.6;3633
1591816681887;443;69;0;0;21.5;3630
1591816981866;453;69;0;0;21.6;3633
1591817281855;446;69;0;0;21.5;3633
1591817581838;448;68;0;0;21.5;3633
1591817881838;448;68;0;0;21.4;3630
1591818181818;442;68;0;0;21.5;3633
1591818481803;448;68;0;0;21.5;3630
1591818781795;439;68;0;0;21.4;3630
1591819081749;452;68;0;0;21.5;3630
1591819381732;446;68;0;0;21.5;3630
1591819681704;456;68;0;0;21.4;3633
1591819981719;454;68;0;0;21.4;3633
1591820281673;451;68;0;0;21.4;3633
1591820581685;442;68;0;0;21.4;3630
1591820881670;456;67;0;0;21.4;3633
1591821181659;460;67;0;0;21.4;3630
1591821481610;461;67;0;0;21.4;3630
1591821781596;457;67;0;0;21.4;3630
1591822081583;457;67;0;0;21.4;3633
1591822381585;455;67;0;0;21.4;3633
1591822681573;458;67;0;0;21.4;3633
1591822981537;456;67;0;0;21.4;3633
1591823281527;471;67;0;0;21.4;3633
1591823581496;451;67;0;0;21.4;3633
1591823881470;459;67;0;0;21.3;3633
1591824181447;462;67;0;0;21.3;3630
1591824481440;462;67;0;0;21.4;3633
1591824781440;451;67;0;0;21.4;3630
1591825081427;458;67;0;0;21.4;3627
1591825381391;466;67;0;0;21.3;3630
1591825681395;471;67;0;0;21.3;3630
1591825981330;464;67;0;0;21.3;3633
1591826281345;465;67;0;0;21.3;3630
1591826581362;460;67;0;0;21.3;3630
1591826881307;467;67;0;0;21.3;3633
1591827181294;468;67;0;0;21.3;3630
1591828081244;473;67;0;0;21.3;3633
1591828381215;479;67;0;0;21.3;3630
1591828681207;460;67;0;0;21.3;3633
1591828981181;468;67;0;0;21.3;3630
1591829281171;475;67;0;0;21.3;3630
1591829581165;476;67;0;0;21.3;3630
1591829881154;472;67;0;0;21.3;3633
1591830181154;461;67;0;0;21.3;3630
1591830481124;461;67;0;0;21.2;3630
1591830781083;472;67;0;0;21.2;3630
1591831081067;465;67;0;0;21.3;3633
1591831381060;475;67;0;0;21.3;3630
1591831681035;472;67;0;0;21.2;3630
1591831981033;478;67;0;0;21.2;3630
1591832281024;470;67;0;0;21.3;3630
1591832581035;470;67;0;0;21.3;3633
1591832880991;469;67;0;0;21.2;3630
1591833180946;478;67;0;0;21.3;3633
1591833480926;472;67;0;0;21.2;3630
1591833780907;475;67;0;0;21.2;3630
1591834080904;473;67;0;0;21.2;3633
1591834380898;470;67;0;0;21.2;3630
1591834680890;473;67;0;0;21.2;3630
1591834980868;473;67;0;0;21.2;3630
1591835280845;478;67;0;0;21.2;3630
1591835580808;477;67;0;0;21.2;3630
1591835880785;471;67;0;0;21.1;3630
1591836180780;470;67;0;0;21.2;3627
1591836480747;471;67;0;0;21.1;3630
1591836780766;474;67;0;0;21.1;3630
1591837080746;469;67;0;0;21.2;3630
1591837380733;475;67;0;0;21.2;3630
1591837680721;467;67;0;0;21.2;3630
1591837980666;475;67;0;0;21.2;3630
1591838280659;470;67;1;0;21.2;3633
1591838580646;465;67;2;0;21.2;3633
1591838880635;462;67;3;0;21.1;3633
1591839180623;473;67;5;0;21.1;3630
1591839480612;465;67;12;0;21.2;3630
1591839780589;471;67;28;0;21.1;3630
1591840080579;466;67;47;0;21.1;3630
1591840380544;463;67;81;0;21.1;3630
1591840680524;457;67;86;0;21.2;3633
1591840980502;459;67;104;0;21.2;3630
1591841280491;462;67;64;0;21.2;3627
1591841580494;464;67;94;0;21.2;3627
1591841880477;464;67;189;0;21.2;3633
1591842180455;452;67;318;0;21.2;3630
1591842480473;458;67;354;0;21.3;3633
1591842780400;459;67;385;0;21.3;3630
1591843080384;468;67;396;0;21.3;3630
1591843380365;454;67;416;0;21.4;3630
1591843680361;465;67;403;0;21.4;3630
1591843980354;468;67;397;0;21.5;3633
1591844280362;457;67;292;0;21.6;3633
1591844580329;451;67;251;0;21.7;3630
1591844880273;455;66;395;0;21.6;3630
1591845180270;455;66;253;0;21.7;3630
1591845480251;453;66;362;0;21.7;3630
1591845780233;453;66;506;0;21.8;3633
1591846080212;448;66;516;0;21.9;3633
1591846380211;446;66;515;0;21.9;3630
1591846680199;450;66;507;0;22;3630
1591846980193;447;66;495;0;22.1;3630
1591847280143;439;65;486;0;22.1;3630
1591847580147;455;65;499;0;22.2;3630
1591847880131;443;65;504;0;22.3;3630
1591848180089;450;65;473;0;22.4;3633
1591848480097;443;65;483;0;22.4;3630
1591848780078;452;65;483;0;22.5;3633
1591849080069;450;64;472;0;22.5;3633
1591849380047;447;64;469;0;22.6;3630
1591849680010;459;64;451;0;22.6;3633
1591849979997;457;64;441;0;22.7;3633
1591850279977;449;64;432;0;22.8;3633
1591850579965;452;64;405;0;22.7;3633
1591850879963;464;64;393;0;22.8;3633
1591851179946;450;64;387;0;22.9;3633
1591851479930;460;63;378;0;22.9;3630
1591851779908;465;63;364;0;22.9;3633
1591852079877;453;63;348;0;23;3633
1591852379865;456;63;341;0;23;3633
1591852679846;459;63;319;0;23;3630
1591852979827;452;63;308;0;23.1;3633
1591853279842;461;63;304;0;23;3633
1591853579878;459;63;298;0;23.1;3633
1591853879786;456;63;339;0;23;3633
1591854179781;471;63;290;0;23.1;3633
1591854479733;450;63;269;0;23.1;3633
1591854779716;445;63;255;0;23.1;3633
1591855079699;455;63;249;0;23.1;3633
1591855379685;458;63;244;0;23.1;3630
1591855679672;451;62;235;0;23.1;3633
1591855979664;465;62;230;0;23.2;3633
1591856279658;457;62;224;0;23.2;3633
1591856579637;459;62;224;0;23.1;3633
1591856879603;456;62;223;0;23.1;3633
1591857179588;455;62;220;0;23.1;3633
1591857479571;463;62;211;0;23.1;3633
1591857779550;453;62;201;0;23.1;3633
1591858079556;461;62;205;0;23.1;3633
1591858379540;464;62;220;0;23.1;3633
1591858679513;451;62;203;0;23.2;3633
1591858979505;445;62;206;0;23.1;3633
1591859279473;442;62;203;0;23.1;3633
1591859579454;452;62;204;0;23.1;3633
1591859879433;452;62;203;0;23.1;3633
1591860179415;452;62;201;0;23.1;3633
1591860479419;454;62;203;0;23;3633
1591860779398;451;62;201;0;23.1;3633
1591861079386;455;62;204;0;23.1;3633
1591861379365;451;62;205;0;23.1;3633
1591861679317;446;62;203;0;23.1;3633
1591861979311;453;63;204;0;23.1;3633
1591862279297;451;63;202;0;23.1;3633
1591862579288;457;63;199;0;23.1;3633
1591862879276;452;63;198;0;23.1;3630
1591863179265;454;63;197;0;23.1;3633
1591863479253;455;63;196;0;23.1;3633
1591863779205;452;63;194;0;23.1;3633
1591864079198;452;63;193;0;23.1;3633
1591864379181;453;63;189;0;23;3633
1591864679161;451;63;192;0;23.1;3633
1591864979133;459;63;190;0;23.1;3633
1591865279143;445;63;189;0;23.1;3633
1591865579157;448;63;189;0;23.1;3633
1591865879111;454;63;187;0;23.1;3633
1591866179103;449;63;183;0;23;3633
1591866479054;441;63;183;0;23.1;3633
1591866779054;458;63;187;0;23;3633
1591867079026;451;63;182;0;23;3633
1591867379016;445;63;181;0;23;3630
1591867679000;443;63;183;0;23.1;3633
1591867978988;446;63;181;0;23;3633
1591868278976;452;63;184;0;23.1;3633
1591868578973;446;63;182;0;23;3633
1591868878920;446;63;180;0;23;3630
1591869178900;456;63;177;0;23;3633
1591869478873;444;63;177;0;23.1;3633
1591869778886;455;63;178;0;23;3633
1591870078871;454;63;175;0;23;3633
1591870378852;457;63;176;0;23.1;3633
1591870678841;462;63;172;0;23.1;3633
1591870978805;452;63;174;0;23;3633
1591871278786;446;63;175;0;23.1;3633
1591871578775;454;63;175;0;23.1;3633
1591871878753;463;63;180;0;23.1;3633
1591872178728;450;63;186;0;23;3633
1591872478724;450;63;192;0;23;3633
1591872778759;442;63;196;0;23.1;3633
1591873078712;443;63;199;0;23.1;3633
1591873378664;450;63;199;0;23.1;3633
1591873678650;453;63;199;0;23.1;3633
1591873978628;454;63;200;0;23.1;3633
1591874278608;458;63;203;0;23.1;3633
1591874578609;454;63;204;0;23.1;3633
1591874878595;458;63;209;0;23.1;3633
1591875178581;453;63;217;0;23.2;3633
1591875478557;454;63;219;0;23.1;3633
1591875778534;455;63;229;0;23.1;3630
1591876078514;458;63;237;0;23.1;3633
1591876378495;447;63;245;0;23.1;3633
1591876678480;456;63;252;0;23.2;3633
1591876978474;455;63;262;0;23.2;3633
1591877278462;447;63;269;0;23.2;3633
1591877578450;460;63;276;0;23.2;3633
1591877878424;467;63;281;0;23.2;3633
1591878178374;469;63;286;0;23.2;3633
1591878478371;463;63;292;0;23.3;3633
1591878778351;463;63;300;0;23.3;3633
1591879078359;462;63;307;0;23.3;3633
1591879378337;458;63;315;0;23.3;3633
1591879678328;454;63;326;0;23.3;3633
1591879978314;455;63;338;0;23.4;3633
1591880278294;455;63;334;0;23.4;3633
1591880578253;458;63;347;0;23.4;3633
1591880878242;466;63;347;0;23.4;3633
1591881178221;461;63;362;0;23.5;3633
1591881478204;468;63;367;0;23.5;3633
1591881778214;472;63;377;0;23.5;3633
1591882078195;462;63;359;0;23.6;3633
1591882378162;460;63;373;0;23.6;3633
1591882678156;456;63;383;0;23.6;3633
1591882978120;462;63;384;0;23.6;3633
1591883278110;477;62;385;0;23.6;3633
1591883578089;471;62;387;0;23.7;3633
1591883878067;472;62;391;0;23.7;3633
1591884178065;462;62;388;0;23.7;3633
1591884478062;465;62;386;0;23.7;3633
1591884778016;462;62;384;0;23.8;3630
1591885078025;468;62;384;0;23.8;3633
1591885377954;468;62;354;0;23.9;3633
1591885677956;455;62;340;0;23.8;3633
1591885977951;471;62;373;0;23.9;3633
1591886277940;472;61;366;0;23.9;3633
1591886577940;456;61;368;0;23.9;3633
1591886877919;463;61;372;0;23.9;3633
1591887177908;465;61;376;0;23.9;3633
1591887477859;475;61;377;0;24;3633
1591887777849;469;61;378;0;24;3633
1591888077830;470;61;379;0;24;3633
1591888377814;480;61;380;0;24;3633
1591888677803;468;61;372;0;24;3633
1591888977796;472;61;314;0;24;3633
1591889277781;458;61;269;0;24.1;3633
1591889577773;462;61;209;0;24;3633
1591889877751;462;61;175;0;24;3633
1591890177710;469;61;80;0;24;3633
1591890477703;454;61;55;0;23.9;3633
1591890777677;467;61;47;0;24;3633
1591891077660;472;61;43;0;23.9;3633
1591891377675;472;61;40;0;23.8;3633
1591891677648;470;61;37;0;23.9;3633
1591891977629;471;61;36;0;23.8;3633
1591892277589;478;61;37;0;23.7;3633
1591892577588;483;61;36;0;23.8;3633
1591892877536;466;61;47;0;23.7;3633
1591893177534;484;61;28;0;23.6;3635
1591893477537;475;61;18;0;23.6;3633
1591893777531;482;61;6;0;23.6;3633
1591894077507;475;61;1;0;23.5;3633
1591894377493;473;62;0;0;23.5;3633
1591894677447;483;62;0;0;23.5;3633
1591894977434;479;62;1;0;23.4;3633
1591895277428;476;62;1;0;23.4;3633
1591895577409;465;62;1;0;23.4;3633
1591895877408;480;62;1;0;23.3;3633
1591896177383;466;62;1;0;23.3;3633
1591896477374;460;62;1;0;23.3;3633
1591896777344;460;62;1;0;23.2;3633
1591897077325;458;62;0;0;23.3;3633
1591897377291;474;63;0;0;23.2;3633
1591897677280;458;63;0;0;23.2;3633
1591897977268;465;63;0;0;23.1;3633
1591898277267;468;63;0;0;23.1;3633
1591898577253;466;63;0;0;23.1;3633
1591898877229;468;63;0;0;23.1;3633
1591899177221;467;63;0;0;23;3633
1591899477188;463;63;0;0;23.1;3633
1591899777182;460;63;0;0;23;3633
1591900077152;472;63;0;0;23;3635
1591900377117;455;63;0;0;23;3633
1591900677134;468;63;0;0;23;3633
1591900977122;459;63;0;0;22.9;3633
1591901277100;469;63;0;0;22.9;3633
1591901577084;467;63;0;0;22.9;3630
1591901877047;460;63;0;0;22.9;3633
1591902177033;473;63;0;0;22.9;3633
1591902477014;462;64;0;0;22.9;3633
1591902777002;452;64;0;0;22.9;3633
1591903076999;459;64;0;0;22.8;3633
1591903376979;464;64;0;0;22.8;3633
1591903676963;457;64;0;0;22.8;3633
1591903976945;467;64;0;0;22.7;3633
1591904276913;472;64;0;0;22.8;3633
1591904576894;464;64;0;0;22.7;3633
1591904876877;463;64;0;0;22.7;3633
1591905176868;473;64;0;0;22.7;3633
1591905476856;460;64;0;0;22.7;3633
1591905776845;460;64;0;0;22.6;3633
1591906076833;459;64;0;0;22.7;3633
1591906376816;456;64;0;0;22.7;3633
1591906676804;467;64;0;0;22.6;3633
1591906976757;461;64;0;0;22.6;3633
1591907276749;464;64;0;0;22.6;3633
1591907576731;454;64;0;0;22.6;3633
1591907876707;458;64;0;0;22.6;3633
1591908176710;462;64;0;0;22.6;3633
1591908476670;462;64;0;0;22.6;3633
1591908776676;446;64;0;0;22.5;3633
1591909076652;451;64;0;0;22.6;3633
1591909376623;458;64;0;0;22.5;3633
1591909676608;448;64;0;0;22.5;3633
1591909976589;449;64;0;0;22.5;3633
1591910276588;467;64;0;0;22.5;3633
1591910576572;455;64;0;0;22.5;3633
1591910876565;443;64;0;0;22.5;3633
1591911176541;441;64;0;0;22.5;3633
1591911476499;443;64;0;0;22.5;3633
1591911776476;448;65;0;0;22.4;3633
1591912076462;446;65;0;0;22.4;3633
1591912376467;446;65;0;0;22.4;3633
1591912676452;455;65;0;0;22.4;3630
1591912976431;447;65;0;0;22.4;3633
1591913276411;456;65;0;0;22.4;3633
1591913576383;436;65;0;0;22.4;3633
1591913876368;439;65;0;0;22.4;3633
1591914176347;440;65;0;0;22.4;3633
1591914476329;448;65;0;0;22.4;3633
1591914776327;453;65;0;0;22.3;3633
1591915076315;441;65;0;0;22.4;3633
1591915376280;440;65;0;0;22.3;3633
1591915676282;448;65;0;0;22.3;3633
1591915976252;436;65;0;0;22.3;3633
1591916276231;453;65;0;0;22.3;3633
1591916576213;439;65;0;0;22.3;3633
1591916876191;444;65;0;0;22.3;3633
1591917176168;437;65;0;0;22.3;3633
1591917476178;438;65;0;0;22.3;3633
1591917776160;442;65;0;0;22.2;3633
1591918076144;442;65;0;0;22.2;3630
1591918376105;444;65;0;0;22.2;3633
1591918676099;451;65;0;0;22.3;3633
1591918976075;437;65;0;0;22.3;3633
1591919276057;437;65;0;0;22.2;3630
1591919576062;446;65;0;0;22.2;3633
1591919876050;442;65;0;0;22.2;3630
1591920176028;444;65;0;0;22.2;3633
1591920476015;436;65;0;0;22.2;3633
1591920775975;438;65;0;0;22.2;3633
1591921075956;443;65;0;0;22.2;3633
1591921375934;440;65;0;0;22.2;3630
1591921675917;431;65;0;0;22.2;3630
1591921975921;436;66;0;0;22.2;3633
1591922275878;447;66;0;0;22.2;3633
1591922575887;429;66;0;0;22.1;3633
1591922875855;438;66;0;0;22.1;3633
1591923175851;441;65;0;0;22.1;3633
1591923475845;430;65;1;0;22.1;3633
1591923775800;440;65;2;0;22.1;3633
1591924075788;438;65;3;0;22.1;3633
1591924375786;432;66;6;0;22.1;3633
1591924675770;436;66;10;0;22.1;3630
1591924975773;442;66;16;0;22.1;3633
1591925275741;436;66;25;0;22.1;3633
1591925575703;440;66;34;0;22.1;3630
1591925875682;437;66;49;0;22.1;3633
1591926175674;441;66;108;0;22.1;3633
1591926475649;440;66;100;0;22.1;3633
1591926775650;436;66;154;0;22.1;3630
1591927075628;431;65;149;0;22.2;3633
1591927375619;432;65;238;0;22.2;3630
1591927675607;433;65;319;0;22.2;3633
1591927975572;437;65;372;0;22.2;3633
1591928275544;437;65;415;0;22.3;3633
1591928575538;437;65;418;0;22.4;3633
1591928875536;429;65;426;0;22.4;3633
1591929175519;432;65;470;0;22.4;3633
1591929475501;436;65;478;0;22.5;3633
1591929775483;433;65;480;0;22.6;3633
1591930075464;434;65;497;0;22.7;3633
1591930375415;430;64;509;0;22.7;3633
1591930675410;422;64;523;0;22.8;3633
1591930975379;429;64;540;0;22.8;3633
1591931275382;431;64;537;0;22.9;3633
1591931575390;432;64;534;0;23;3633
1591931875363;440;64;537;0;23.1;3633
1591932175345;436;64;534;0;23.1;3633
1591932475327;435;63;529;0;23.2;3633
1591932775285;426;63;527;0;23.3;3633
1591933075282;433;63;523;0;23.3;3633
1591933375258;428;63;519;0;23.4;3633
1591933675252;435;63;515;0;23.5;3633
1591933975240;439;63;516;0;23.5;3633
1591934275213;427;63;508;0;23.6;3633
1591934575206;435;62;508;0;23.7;3633
1591934875194;429;62;508;0;23.7;3633
1591935175151;418;62;500;0;23.8;3633
1591935475141;434;62;492;0;23.8;3633
1591935775115;436;62;484;0;23.8;3633
1591936075146;433;62;470;0;23.8;3635
1591936375106;427;62;457;0;23.8;3633
1591936675097;425;62;439;0;23.9;3633
1591936975070;438;62;425;0;24;3633
1591937275023;441;61;411;0;24;3633
1591937575029;436;61;396;0;24;3633
1591937874999;428;61;380;0;24.1;3633
1591938174980;432;61;364;0;24.1;3633
1591938474979;430;61;347;0;24.1;3633
1591938774973;434;61;334;0;24.1;3633
1591939074952;434;61;320;0;24.2;3633
1591939374935;437;61;307;0;24.1;3633
1591939674897;432;61;297;0;24.1;3633
1591939974872;426;61;284;0;24.1;3633
1591940274869;433;61;271;0;24.2;3633
1591940574853;422;61;261;0;24.1;3633
1591940874849;428;61;252;0;24.1;3633
1591941174830;435;61;245;0;24.1;3633
1591941474818;432;61;238;0;24.1;3633
1591941774804;441;61;231;0;24.1;3635
1591942074765;433;61;226;0;24.1;3633
1591942374743;425;61;221;0;24.1;3633
1591942674728;428;61;219;0;24.1;3633
1591942974715;425;61;220;0;24;3633
1591943274707;430;61;219;0;24.1;3633
1591943574702;431;61;221;0;24.1;3633
1591943874674;417;61;223;0;24.1;3633
1591944174663;419;61;223;0;24.1;3633
1591944474631;428;61;220;0;24.1;3633
1591944774588;422;61;220;0;24.1;3633
1591945074598;434;61;227;0;24;3633
1591945374576;428;61;238;0;24;3633
1591945674580;437;61;265;0;24;3633
1591945974562;424;61;323;0;24;3635
1591946274546;427;61;327;0;24;3633
1591946574515;429;61;146;0;24;3633
1591946874495;433;61;38;0;24;3633
1591947174473;433;61;52;0;24;3633
1591947474452;431;61;83;0;24;3633
1591947774439;427;61;229;0;23.9;3633
1591948074445;428;62;267;0;23.9;3635
1591948374401;420;62;224;0;24;3633
1591948674404;427;61;345;0;23.9;3633
1591948974395;431;62;334;0;23.9;3633
1591949274355;432;62;353;0;24;3633
1591949574337;429;62;201;0;23.9;3633
1591949874319;432;62;288;0;23.9;3633
1591950174310;425;62;265;0;23.9;3635
1591950474303;425;62;295;0;23.9;3633
1591950774295;422;62;270;0;23.9;3633
1591951074275;423;62;318;0;24;3635
1591951374257;420;62;220;0;23.9;3633
1591951674222;434;62;285;0;23.9;3633
1591951974193;414;62;296;0;23.9;3635
1591952274189;417;62;285;0;23.9;3633
1591952574174;425;62;282;0;23.9;3633
1591952874173;416;62;275;0;23.9;3633
1591953174153;425;62;286;0;23.9;3633
1591953474140;426;62;273;0;23.9;3635
1591953774119;417;62;288;0;23.9;3633
1591954074084;422;62;261;0;23.9;3633
1591954374059;420;62;239;0;23.9;3633
1591954674053;428;62;243;0;23.9;3633
1591954974030;421;62;224;0;23.8;3633
1591955274026;427;63;217;0;23.8;3633
1591955574019;430;62;211;0;23.8;3633
1591955874005;422;63;206;0;23.8;3633
1591956173962;422;63;200;0;23.8;3633
1591956473959;416;63;195;0;23.8;3633
1591956773932;418;63;191;0;23.8;3633
1591957073908;422;63;192;0;23.7;3633
1591957373908;420;63;190;0;23.7;3633
1591957673901;418;63;190;0;23.7;3633
1591957973874;423;63;186;0;23.7;3633
1591958273850;419;63;190;0;23.7;3635
1591958573828;420;63;196;0;23.7;3633
1591958873830;413;63;201;0;23.6;3633
1591959173788;418;63;206;0;23.6;3633
1591959473772;425;63;205;0;23.6;3633
1591959773769;409;63;211;0;23.6;3633
1591960073765;413;63;210;0;23.6;3633
1591960373750;419;63;210;0;23.7;3633
1591960673729;404;63;212;0;23.6;3633
1591960973690;410;63;216;0;23.6;3633
1591961273665;413;63;221;0;23.6;3633
1591961573653;419;63;225;0;23.6;3635
1591961873631;416;63;231;0;23.6;3633
1591962173619;416;63;239;0;23.6;3633
1591962473649;410;63;245;0;23.6;3633
1591962773604;413;63;253;0;23.6;3633
1591963073592;412;63;261;0;23.6;3633
1591963373550;413;63;271;0;23.6;3633
1591963673532;409;63;276;0;23.6;3633
1591963973520;419;63;284;0;23.6;3633
1591964273509;416;63;294;0;23.6;3633
1591964573507;409;63;294;0;23.6;3633
1591964873489;414;63;300;0;23.7;3635
1591965173485;413;63;309;0;23.7;3635
1591965473451;412;63;317;0;23.7;3633
1591965773421;417;63;332;0;23.7;3633
1591966073402;408;63;358;0;23.6;3633
1591966373395;416;63;325;0;23.7;3633
1591966673371;411;63;348;0;23.7;3633
1591966973371;415;63;360;0;23.8;3633
1591967273351;405;63;370;0;23.8;3633
1591967573342;408;63;372;0;23.8;3633
1591967873331;415;63;384;0;23.9;3635
1591968173278;405;63;386;0;23.9;3633
1591968473266;407;63;398;0;23.9;3635
1591968773245;407;63;392;0;23.9;3633
1591969073233;414;63;392;0;24;3633
1591969373237;415;63;389;0;24;3633
1591969673208;418;63;404;0;24;3633
1591969973179;408;63;207;0;24;3633
1591970273185;416;63;432;0;24;3633
1591970573149;413;63;204;0;24;3633
1591970873130;409;63;145;0;24;3633
1591971173117;418;62;128;0;24.1;3633
1591971473096;403;63;127;0;24;3635
1591971773096;417;63;131;0;24;3633
1591972073083;410;63;167;0;24;3633
1591972373074;410;63;132;0;23.9;3635
1591972673052;407;63;116;0;23.9;3633
1591972973017;420;63;140;0;23.9;3633
1591973272986;403;63;120;0;23.9;3635
1591973572983;402;63;108;0;23.9;3635
1591973872966;401;63;140;0;23.8;3633
1591974172949;413;64;95;0;23.8;3633
1591974472944;405;64;112;0;23.8;3633
1591974772927;408;64;68;0;23.8;3633
1591975072897;415;64;49;0;23.8;3635
1591975372870;405;64;65;0;23.7;3633
1591975672855;410;64;43;0;23.7;3635
1591975972922;411;64;18;0;23.7;3633
1591976272830;411;64;17;0;23.6;3635
1591976572830;412;64;17;0;23.6;3633
1591976872815;408;64;22;0;23.6;3633
1591977172786;418;64;31;0;23.5;3635
1591977472751;406;64;27;0;23.5;3633
1591977772741;405;64;21;0;23.5;3633
1591978072727;407;64;17;0;23.5;3633
1591978372702;403;64;10;0;23.4;3633
1591978672695;414;65;8;0;23.4;3633
1591978972688;411;65;12;0;23.4;3633
1591979272676;403;65;9;0;23.4;3633
1591979572655;406;65;5;0;23.3;3633
1591979872643;408;65;6;0;23.3;3633
1591980172601;406;65;5;0;23.2;3633
1591980472575;412;65;3;0;23.3;3633
1591980772568;418;65;1;0;23.2;3633
1591981072572;406;65;0;0;23.2;3633
1591981372549;408;65;0;0;23.2;3633
1591981672532;407;64;0;0;23.1;3635
1591981972501;393;65;0;0;23.1;3633
1591982272505;403;64;0;0;23.1;3633
1591982572451;402;64;0;0;23.1;3633
1591982872455;406;64;0;0;23;3633
1591983172419;403;63;0;0;23;3633
1591983472427;399;64;0;0;23;3633
1591983772421;401;63;0;0;23;3633
1591984072398;405;63;0;0;23;3633
1591984372387;402;63;0;0;22.9;3633
1591984672344;404;63;0;0;22.9;3633
1591984972329;403;63;0;0;22.9;3633
1591985272328;402;62;0;0;22.9;3633
1591985572287;400;62;0;0;22.9;3633
1591985872296;403;61;0;0;22.8;3633
1591986172273;394;61;0;0;22.8;3633
1591986472266;396;61;0;0;22.8;3633
1591986772254;403;61;0;0;22.8;3633
1591987072212;399;61;0;0;22.8;3633
1591987372187;400;60;0;0;22.8;3633
1591987672172;400;60;0;0;22.8;3633
1591987972152;398;60;0;0;22.7;3633
1591988272165;392;60;0;0;22.7;3633
1591988572150;390;60;0;0;22.7;3633
1591988872130;388;60;0;0;22.7;3633
1591989172110;402;60;0;0;22.7;3633
1591989472075;398;59;0;0;22.7;3633
1591989772052;393;59;0;0;22.7;3633
1591990072040;400;59;0;0;22.6;3635
1591990372022;396;59;0;0;22.6;3633
1591990672035;389;59;0;0;22.6;3633
1591990972008;401;59;0;0;22.6;3633
1591991271979;399;59;0;0;22.6;3633
1591991571973;397;59;0;0;22.6;3633
1591991871942;393;58;0;0;22.5;3633
1591992171913;387;59;0;0;22.5;3633
1591992471915;401;59;0;0;22.5;3633
1591992771889;393;59;0;0;22.5;3633
1591993071902;400;59;0;0;22.4;3633
1591993371891;402;59;0;0;22.4;3635
1591993671863;398;59;0;0;22.4;3633
1591993971831;399;59;0;0;22.4;3633
1591994271800;393;59;0;0;22.4;3633
1591994571788;393;60;0;0;22.4;3633
1591994871797;393;60;0;0;22.4;3633
1591995171751;390;60;0;0;22.3;3635
1591995471732;394;60;0;0;22.4;3633
